index,nama,vote_average,vote_count,type,htm_weekday,htm_weekend,latitude,longitude,description
0,Candi Borobudur,4.7,81922,Budaya dan Sejarah,50000.0,50000.0,-7.607086854,110.2036226,Candi yang pernah masuk sebagai salah satu dari Tujuh Keajaiban Dunia ini dihiasi oleh banyak relief di dinding candi. Relief yang ada di Candi Borobudur mencapai 2.672 dan panjangnya bisa mencapai 6 kilometer
1,Candi Prambanan,4.7,71751,Budaya dan Sejarah,50000.0,50000.0,-7.751834561,110.4915318,"Candi Prambanan adalah kompleks candi Hindu terbesar di Indonesia yang dibangun pada abad ke-9 masehi. Candi ini dipersembahkan untuk Trimurti, tiga dewa utama Hindu yaitu Brahma sebagai dewa pencipta, Wisnu sebagai dewa pemelihara, dan Siwa sebagai dewa pemusnah. Berdasarkan prasasti Siwagrha nama asli kompleks candi ini adalah Siwagrha (bahasa Sanskerta yang bermakna 'Rumah Siwa'), dan memang di garbagriha (ruang utama) candi ini bersemayam arca Siwa Mahadewa setinggi tiga meter yang menujukkan bahwa di candi ini dewa Siwa lebih diutamakan."
2,Tebing Breksi,4.4,51431,Alam,10000.0,10000.0,-7.781476547,110.5045757,"Tebing Breksi merupakan tempat wisata yang berada di wilayah Kabupaten Sleman. Lokasinya berada di sebelah selatan Candi Prambanan dan berdekatan dengan Candi Ijo serta Kompleks Keraton Boko. tempat ini merupakan perbukitan batuan breksi. dari atas tebing wisatawan dapat melihat keseluruhan kota jogja, bahkan aktivitas masyarakat pun dapat terlihat dari atas tebing, serpeti pesawat yang lepas landas, kendaraan yang hilidr mudik."
3,Gembira Loka Zoo,4.5,36337,Buatan,20000.0,25000.0,-7.8062344,110.3967977,"Gambira Loka adalah kebun binatang yang berada di Yogyakarta. Berisi berbagai macam spesies dari belahan dunia, seperti orangutan, gajah asia, simpanse, harimau, dan lain sebagainya. Kebun Binatang Gembira Loka menjadi daya tarik tersendiri bagi para wisatawan Yogyakarta. Gembira Loka Zoo sempat rusak parah akibat gempa bumi yang mengguncang kota Yogyakarta tahun 2006. Tetapi, setelah direnovasi Kebun Binatang Gembira Loka tetap dicari para wisatawan."
4,The Palace of Yogyakarta (Keraton Yogyakarta),4.6,30091,Budaya dan Sejarah,8000.0,8000.0,-7.8052845,110.3642031,"Kompleks keraton merupakan museum yang menyimpan berbagai koleksi milik kesultanan, termasuk berbagai pemberian dari raja-raja Eropa, replika pusaka keraton, dan gamelan. Dari segi bangunannya, keraton ini merupakan salah satu contoh arsitektur istana Jawa yang terbaik, memiliki balairung-balairung mewah dan lapangan serta paviliun yang luas."
5,Taman Sari,4.6,27899,Budaya dan Sejarah,5000.0,5000.0,-7.809833449,110.3595117,"Taman Sari Yogyakarta, merupakan salah satu bangunan milik kesultanan Yogyakarta yang difungsikan sebagai destinasi wisata. Namun selain sebagai destinasi wisata, taman sari pada saat tertentu juga masih digunakan sebagai tempat ritual oleh keluarga raja. Dengan bentuk bangunan arsitektur ala Portugis-Jawa, bangunan di taman ini menjadi daya tarik utama. Meskipun sekarang kondisi bangunan tak lagi utuh seperti saat masih difungsikan sebagai taman kesultanan, namun tetap saja aura keindahan terpancar kuat dari bangunan bangunan di taman ini."
6,Hutan Pinus Mangunan Dlingo,4.6,18271,Alam,3000.0,3000.0,-7.9267837,110.4319967,"hutan pinus mangunan yang ada di Jogja bisa menjadi destinasi hutan yang tepat. Disana banyak terdapat pepohonan yang tinggi menjulang, yang dikenal dengan nama Pinus Merkusi. Nggak heran deh kalau banyak wisatawan yang merasa kepincut dengan objek wisata ini, sebab kesejukan dan keindahan pemandangannya benar-benar mempesona mata."
7,Jogja Bay,4.4,16877,Wisata Air,90000.0,100000.0,-7.7478461,110.4188754,"Jogja Bay Waterpark (JBW) salah satu waterpark terbesar di asia tenggara yang berlokasi di kota wisata terbesar kedua di Indonesia yaitu Yogyakarta. Dan belakangan ini sudah menjadi salah satu tujuan destinasi wisata di Yogyakarta. Waterpark yang saat ini merupakan atraksi wahana air terbesar, terlengkap berstandar internasional dan memiliki karakter Bajak Laut – dengan bangga menyampaikan sesuai TripAdvisor Internasional telah merilis tahun 2019 “Jogja Bay Waterpark di Yogyakarta sebagai Waterpark Terbaik ke 3 di Asia”. Jogjabay telah tersertifikasi CHSE (Clean, Health, Safety, & Enviroment) dengan score 100% dari Kemenparekraf RI dan Sucofindo."
8,The World Landmarks - Merapi Park Yogyakarta,4.2,16201,Buatan,15000.0,15000.0,-7.6209046,110.4216275,"Merapi Park merupakan tempat wisata yang dihadirkan sebagai tempat rekreasi keluarga. taman bermain dengan taman taman yang tertata rapi dan terkesan sejuk, sangat pas anda habiskan bersma sang buah hati atau kekasih tersayang. taman bunga dan bangku panjang paduan yang sempurna untuk sekedar bercengkrama lepas tanpa terganggu bisingnya lalu lalang kendaraan. tentu saja karena merapi park jogja ini terletak di bawah kaki gunung merapi kaliurang yang sepi dan sejuk. panorama kaki gunung inilah akan membuat hasil jepretan foto Anda menjadi lebih berwarna, cantik dan menarik."
9,The Lost World Castle,4.3,16110,"Buatan, Alam",30000.0,30000.0,-7.6041648,110.4510042,"Di dalam The Lost World Casle, pengunjung disuguhkan potret gagahnya Gunung Merapi. Selain itu, di dalam objek wisata ini terdapat berbagai latar untuk mengambil foto yang menarik, di antaranya taman koboi, awan putih, sepeda motor terbang, sayap bidadari, dan lain-lain. Selain itu, ada juga latar foto trik tiga-dimensi berupa air terjun, permadani terbang, dan beberapa bunga sakura tiruan yang turut menghidupkan suasana."
10,Fort Vredeburg Museum,4.6,15281,Budaya dan Sejarah,3000.0,3000.0,-7.8002016,110.3663044,"Letak Benteng Vredeburg Yogyakarta di kawasan nol kilometer pusat Kota Yogyakarta menjadikan sebuah daya tarik bagi para wisatawan. Dalam pelayanannya kepada masyarakat, museum Benteng Vredeburg tidak lepas dari unsur-unsur pendidikan karena pada dasarnya museum memiliki dua fungsi yaitu sebagai rekreasi sekaligus tempat pendidikan. Informasi tentang keBudaya dan Sejarahan, kebudayaan dan nilai-nilai luhur kejuangan disampaikan kepada generasi muda dalam nuansa edutainment, yang berasal dari kata education dan entertainment. Demikianlah, Benteng Vredeburg yang sekarang menjadi Museum Benteng Vredeburg Yogyakarta telah melekat dengan Kota Yogyakarta. Latar belakang Budaya dan Sejarah Kota Yogyakarta baik sebagai ibukota Kasultanan Yogyakarta dan ibukota NKRI tidak dapat dipisahkan dengan Budaya dan Sejarah Benteng Vredeburg Yogyakarta. Pelestarian Benteng Vredeburg sebagai museum bukan berarti pengagungan simbol kejayaan kolonial. Akan tetapi tujuannya untuk mendapatkan fungsi baru yang dapat memberikan informasi dan aspirasi perjuangan nasional bagi generasi mendatang.

"
11,Museum Benteng Vredeburg,4.6,15279,Budaya dan Sejarah,3000.0,3000.0,-7.799287456,110.3661757,"Benteng Vredeburg merupakan salah satu museum peninggalan Belanda yang sangat terkenal di Jogja karena di museum ini memiliki nilai cerita yang cukup panjang dan masih bertahan hingga saat ini. Museum Benteng Vredeburg mengoleksi berbagai macam karya seni, berbagai macam patung, dan berbagai macam senjata peninggalan Belanda."
12,Sindu Kusuma Edupark (SKE),4.2,14072,Buatan,20000.0,20000.0,-7.7672973,110.3542486,"Sindu Kusuma Edupark merupakan wahana bermain berbasis edukasi dan hiburan untuk semua usia yang buka paling pagi dan tutup paling malam di Jogjakarta. Destinasi wisata ini menyuguhkan sebuah tempat bermain bagi keluarga yang lengkap dengan berbagai wahana permainan yang seru dan juga menantang. Wahana-wahana seperti Kora-Kora, Bianglala, Waterpark, dan Light Festival menjadi wahana terfavorit bagi para wisatawan. Selain itu tersedia juga restoran berkonsep Industrial Fun Cafe dengan harga yang murah dan terjangkau cocok untuk anda sekeluarga. Semua transaksi di Sindu Kusuma Edupark ini menggunakan kartu khusus yang bisa diperoleh di loket tiket, jadi tidak repot lagi mengeluarkan uang tunai. Selain wahana permainan, di SKE ini juga ada beberapa foto spot yang cukup bagus untuk dijadikan background foto."
13,Tugu,4.8,13330,Budaya dan Sejarah,,,-7.7828822,110.3670514,"Tugu ini sekarang merupakan salah satu objek pariwisata Yogyakarta, dan sering dikenal dengan istilah “Tugu Pal Putih” (pal juga berarti tugu), karena warna cat yang digunakan sejak dulu adalah warna putih. Tugu pal ini berbentuk bulat panjang dengan bola kecil dan ujung yang runcing di bagian atasnya. Jika dilihat dari Keraton Yogyakarta ke arah utara, maka akan terlihat bahwa Jalan Malioboro, Jalan Margo Utomo, Tugu Yogyakarta, dan Jalan A.M. Sangadji membentuk garis lurus menuju puncak Gunung Merapi yang dikenal sebagai Garis Imajiner Yogyakarta."
14,Heha Sky View,4.4,13048,Buatan,10000.0,10000.0,-7.848530311,110.4787102,"Salah satu destinasi wisata favorit yang menawarkan pemandangan terbaik kota Yogyakarta dan sekitarnya “dari lantai 2”. Terletak di kawasan perbukitan Gunungkidul, HeHa Sky View hanya berjarak 40 menit dari pusat Kota Yogyakarta. Sky Ballon yang dibuat colorful menjadi salah satu wahana yang wajib dicoba. disini terdapat street food yang beraneka ragam dan dapat dinikmati sembari duduk dan mengobrol di bean bag ataupun outdoor area. banyak spot foto keren."
15,Pantai Goa Cemara,4.3,12755,Pantai,4000.0,4000.0,-7.999423,110.248963,"Adalah Kawasan Wisata Terpadu, satu pintu dengan pembagian area yang jelas. Public area memang seperti diutamakan di pantai ini. Jajaran pedagang lokal berpadu dengan ramainya pasar tradisional. Dengan area cakupan luas meliputi wilayah konservasi penyu hijau, wilayah lahan pertanian, daerah wisata, dan pelestarian hutan cemara. Pasar tradisional, wisata pantai, outbond, camping ground, ruang pertemuan, atv, jip wisata offroad gumukpasir, kuliner, dan cinderamata. Dengan dukungan fasilitas publik yang lengkap dan terus berkembang. Fasilitas publik seperti MCK, kantor sekretariat, kantor keamanan, posko SAR, rumah ibadah, pos kesehatan juga tersedia."
16,XT Square,4.3,12396,Buatan,25000.0,25000.0,-7.8165658,110.3866908,"XT-Square merupakan kawasan yang  dibangun dengan konsep terpadu yang ditawarkan kepada masyarakat dalam satu paket pusat wisata belanja, yakni what to see, what to eat, dan what  to buy. Didesain sebagai ruang publik dengan konsep citywalk,  didukung dengan area kuliner serta area pertunjukan seni semakin menunjang aktifitas wisata belanja yang nyaman dan menyenangkan, XT-Square dibangun untuk kepuasan pengunjung."
17,Kaliadem,4.5,12338,"Alam, Budaya dan Sejarah",3000.0,3000.0,-7.582047728,110.4476387,"Bunker Kaliadaem merupakan tempat untuk berlindung dari ganasnya Gunung Merapi. tempat ini menyimpan banyak jejak ganasnya Gunung merapi. di bunker kaliadem terdapat pintu utama yang terbuat dari baja setebal 15 cm, ruangan bungker yang masih memiliki sisa-sisa material merapi, dan bagian atas yang dilapisi batu serta pasir vulkanis"
18,Monumen Yogya Kembali,4.5,11302,Museum,15000.0,15000.0,-7.7495904,110.3696068,"Museum Monumen Jogja Kembali adalah sebuah museum Budaya dan Sejarah perjuangan kemerdekaan Republik Indonesia yang ada di kota Yogyakarta dan dikelola oleh Departemen Kebudayaan dan Pariwisata. Museum yang berada di bagian utara kota ini banyak dikunjungi oleh para pelajar dalam acara darmawisata. Museum Monumen dengan bentuk kerucut ini terdiri dari 3 lantai dan dilengkapi dengan ruang perpustakaan serta ruang serbaguna. Pada rana pintu masuk dituliskan sejumlah 422 nama pahlawan yang gugur di daerah Wehrkreise III (RIS) antara tanggal 19 Desember 1948 sampai dengan 29 Juni 1949. Dalam 4 ruang museum di lantai 1 terdapat benda-benda koleksi: realia, replika, foto, dokumen, heraldika, berbagai jenis senjata, bentuk evokatif dapur umum dalam suasana perang kemerdekaan 1945-1949. Tandu dan dokar (kereta kuda) yang pernah dipergunakan oleh Panglima Besar Jenderal Soedirman juga disimpan di sini (di ruang museum nomor 2). Monumen Jogja kembali beralamat Di jalan raya Ring road Utara Sleman Yogyakarta"
19,Ratu Boko,4.6,11176,Budaya dan Sejarah,40000.0,40000.0,-7.7705416,110.4894158,"Istana Ratu Boko adalah sebuah bangunan megah yang dibangun pada masa pemerintahan Rakai Panangkaran, salah satu keturunan Wangsa Syailendra. Istana yang awalnya bernama Abhayagiri Vihara (berarti biara di bukit yang penuh kedamaian) ini didirikan untuk tempat menyepi dan memfokuskan diri pada kehidupan spiritual. Berada di istana ini, anda bisa merasakan kedamaian sekaligus melihat pemandangan kota Yogyakarta dan Candi Prambanan dengan latar Gunung Merapi."
20,Depok Beach,4.3,10820,Pantai,10000.0,10000.0,-8.0137087,110.2914777,"Pantai Depok yang letaknya hanya 1,5 km dari Parangtritis ini memang terkenal di kalangan wisatawan lokal. Selain karena keindahan pantainya, wisata pantai Yogyakarta yang satu ini juga terkenal dengan aneka menu seafood yang rasanya mampu menggoyang lidah. Tidak heran, hampir seluruh warga yang tinggal di sekitar pantai ini berprofesi sebagai nelayan. Itulah kenapa hidangan laut yang diolah di tempat ini sangat istimewa. Sebab memang semua ikan dan seafood yang ada di sini memang masih segar ketika diolah."
21,Central Museum of the Air Force Dirgantara Mandala,4.5,9828,Museum,3000.0,3000.0,-7.7899338,110.4156788,"Museum Pusat TNI AU “Dirgantara Mandala” adalah museum yang digagas oleh TNI Angkatan Udara untuk mengabadikan peristiwa berBudaya dan Sejarah dalam lingkungan TNI AU, bermarkas di kompleks Pangkalan Udara Adi Sutjipto, Yogyakarta. Museum ini sebelumnya berada berada di Jalan Tanah Abang Bukit, Jakarta dan diresmikan pada 4 April 1969 oleh Panglima AU Laksamana Roesmin Noerjadin lalu dipindahkan ke Yogyakarta pada 29 Juli 1978. "
22,Masjid Gedhe Kauman,4.8,9784,Budaya dan Sejarah,,,-7.802697521,110.3625956,"Masjid Gedhe Kauman dibangun oleh Sri Sultan Hamengku Buwono I bersama Kyai Faqih Ibrahim Diponingrat (penghulu kraton pertama) dan Kyai Wiryokusumo sebagai arsiteknya. Masjid ini dibangun pada hari Ahad Wage, 29 Mei 1773 M atau 6 Rabi'ulakhir 1187 H. Masjid Gedhe Kauman merupakan tempat untuk beribadah, namun masjid ini juga menjadi tempat wisata yang cukup terkenal. Meskipun demikian, fungsi utama masjid sebagai tempat ibadah masih terjaga dengan sangat baik lengkap dengan semua fasilitas yang diperlukan."
23,Bukit Paralayang Watugupit,4.7,9614,"Alam, Petualangan, Pantai",5000.0,5000.0,-8.026589501,110.3458478,"Seperti namanya, bukit ini digunakan sebagai tempat untuk landasan pacu olahraga paralayang. Para profesional banyak yang berlatih di sini. Bahkan, orang awam pun dapat mencoba paralayang karena terdapat instruktur yang akan mendampingi."
24,Pantai Drini,4.5,8969,Pantai,10000.0,10000.0,-8.1384509,110.577522,"Pantai Drini merupakan salah satu pantai di deretan pantai selatan Gunungkidul yang banyak direkomendasikan. Pantai ini dijuluki sebagai ‘Pantai Perawan’ karena kondisi pantai ini masih bersih dengan suasana yang masih alami. Udara tempat wisata ini sejuk, aliran airnya tenang, dan pasir putihnya begitu mempesona."
25,Pantai Parangtritis,4.5,8727,Pantai,6000.0,6000.0,-8.024608,110.3298045,"Paintai Parangtritis merupakan salah satu ikon di Kabupaten Bantul. Pantai ini memiliki pasir hitam. Di pantai ini dapat bermain ATV, menaiki kuda. Di sisi utara timur pantai dapat menemukan bukit kecil yang sangat cocok untuk menikmati pemandangan sore hari ditemani angin. pantai ini memiliki cerita misteri di dalamnya."
26,Embung Tambakboyo,4.4,8564,Buatan,2000.0,2000.0,-7.756227,110.4150131,"Waduk Tambakboyo Kabupaten Sleman Daerah Istimewa Yogyakarta ini dibangun pada tahun 2003 dan selesai tahun 2008. Pembangunan yang memakan waktu lima tahun ini memang sudah diperhitungkan dengan matang. Pada mulanya embung atau waduk ini dibangun sebagai tempat penampungan air untuk cadangan warga Sleman. Namun seiring dengan berjalannya waktu, Embung Tambakboyo menjadi salah satu wisata alam gratis yang banyak peminatnya."
27,Lava Merapi and Alien Stone,4.5,8111,Alam,350000.0,350000.0,-7.6023375,110.4552585,"Lava Tour Merapi bisa menjadi pilihan aktivitas wisata ketika berlibur di Yogyakarta. Lava Tour Merapi adalah istilah untuk tur wisata kawasan terdampak erupsi Gunung Merapi tahun 2010. Tur yang dimaksud saat ini merupakan tur menggunakan mobil jenis jeep. Kegiatan tur meliputi kunjungan ke sejumlah titik yang terkena dampak langsung erupsi. Lava tour Merapi ditawarkan sebagai aneka pilihan paket wisata. Paket-paket ini dibanderol dengan harga yang beragam. Setiap paket sudah termasuk tiket masuk untuk sejumlah titik pemberhentian. Paket wisata ini bisa menampung rombongan, sehingga cocok untuk dijajal sebagai liburan keluarga atau bersama teman."
28,Candi Plaosan,4.6,7855,Budaya dan Sejarah,3000.0,3000.0,-7.7407807,110.5046772,"Candi Plaosan terletak di Desa Bugisan, Kecamatan Prambanan, Kabupaten Klaten, kira-kira 1,5 km ke arah timur dari Candi Sewu. Candi ini merupakan sebuah kompleks bangunan kuno yang terbagi menjadi dua, yaitu kompleks Candi Plaosan Lor (lor dalam bahasa Jawa berarti utara) dan kompleks Candi Plaosan Kidul (kidul dalam bahasa Jawa berarti selatan). Pahatan yang terdapat di Candi Plaosan sangat halus dan rinci, mirip dengan yang terdapat di Candi Borobudur, Candi Sewu, dan Candi Sari. Candi Plaosan yang merupakan candi Buddha ini oleh para ahli diperkirakan dibangun pada masa pemerintahan Rakai Pikatan dari Kerajaan Mataram Hindu, yaitu pada awal abad ke-9 M. Salah satu pakar yang mendukung pendapat itu adalah De Casparis yang berpegang pada isi Prasasti Cri Kahulunan (842 M). Dalam prasasti tersebut dinyatakan bahwa Candi Plaosan Lor dibangun oleh Ratu Sri Kahulunan, dengan dukungan suaminya. Menurut De Casparis, Sri Kahulunan adalah gelar Pramodhawardani, putri Raja Samarattungga dari Wangsa Syailendra. Sang Putri, yang memeluk agama Buddha, menikah dengan Rakai Pikatan dari Wangsa Sanjaya, yang memeluk agama Hindu."
29,Agro Tourism Bhumi Merapi,4.5,7697,Agrowisata,30000.0,30000.0,-7.6400756,110.4264098,"Agrowisata Bhumi Merapi Yogyakarta. Tempat wisata yang terletak di daerah Kaliurang ini menawarkan wisata edukasi bagi para pengunjungnya. Dibangun pada tahun 2015 dengan luas 5,2 hektar. Tempat wisata ini menawarkan konsep pertanian, perkebunan, dan peternakan. Jadi, selain liburan para pengunjung pun bisa mendapatkan banyak ilmu. Suasananya yang sejuk dan nyaman juga membuat para pengunjung betah berlama-lama disana. Berbagai aktivitas wisata bisa dilakukan di tempat wisata ini. Utamanya kegiatan-kegiatan yang berhubungan dengan pertanian, peternakan dan perkebunan. Berikut beberapa diantaranya. Identik dengan wisata edukasi, taman rekreasi ini menyediakan tempat belajar budidaya hewan bagi para pengunjungnya. Diantaranya kambing dan kelinci. Kambing yang dipelajari adalah jenis kambing Ettawa. Kegiatan yang dilakukan diantaranya adalah memerah susu kambing, memberikan susu dot bagi anak kambing, mengolah susu untuk dijadikan yogurt dan ice cream,  pengolahan pakan ternak, dan pengolahan kotoran kambing menjadi pupuk organik dan biogas. Sedangkan kelinci yang ada disini adalah kelinci hias dan kelinci pedaging. Dan pengunjung juga bisa memberi makan kepada kelinci. Selain itu, ada juga binatang berjenis reptile yang dipelihara disini seperti ular, kura-kura, dan reptile lainnya yang dapat digunakan sebagai sarana edukasi.

"
30,Wisata Kalibiru,4.4,6912,Alam,10000.0,10000.0,-7.8057305,110.127969,"Wisata Kalibiru terletak pada ketinggian 450 mdpl, yang kini telah menjadi hutan wisata nan subur. Dengan perbukitan yang ditumbuhi oleh berbagai pepohonan, seperti cemara, jati, dan kayu putih. Tempat wisata ini terletak di pedesaan, tak heran jika banyak dijumpai rumah berarsitektur Jawa kuno. Rumah – rumah ini difungsikan sebagai kantor pengelola serta loket tiket masuk. Setelah itu, pengunjung harus melakukan trekking di hutan untuk dapat menuju spot utama. Di sini, telah disediakan jalan setapak sehingga pengunjung tinggal mengikuti arah jalan tersebut. Di sepanjang perjalanan, pengunjung akan menemukan berbagai jenis vegetasi. Mulai dari semak – semak hingga pepohonan berbatang kayu yang bercabang – cabang. Selain itu, ada juga tanaman anggrek yang seolah bersembunyi di rimbunnya pepohonan."
31,De Mata Trick Eye Museum,4.4,6855,"Buatan, Museum",40000.0,40000.0,-7.8163156,110.3871442,"Berawal dari keinginan bahwa Indonesia tidak boleh kalah dengan negara lain dalam bidang pariwisata, Direktur Utama PT. Demata Maris Indonesia, yaitu Bapak Petrus FX Kusuma mendapatkan inspirasi untuk mengadaptasi konsep tempat wisata dari luar negeri agar dapat dibawa ke Indonesia. Bertujuan agar masyarakat di Indonesia dapat mengunjungi tempat serupa namun tidak sama yang tetap lekat dengan unsur edukatif, inovatif, dan entertaining. Ditawarkan dengan harga tiket masuk yang low cost-highly entertaining, sehingga memberikan kesempatan terhadap semua kalangan untuk dapat berwisata. Dengan adanya beberapa tempat wisata yang sudah ada dan yang akan dibangun oleh PT. Demata Maris Indonesia tidak hanya merupakan sebuah cita-cita dan mimpi yang terwujud namun juga sebuah bisnis yang potensial yang memberikan kesempatan kepada seluruh masyarakat Indonesia untuk berwisata dengan harga tiket yang murah"
32,Candi Sambisari,4.6,6238,Budaya dan Sejarah,5000.0,5000.0,-7.762491,110.4470374,"Candi Sambisari adalah Candi Hindu yang berada di Purwomartani, Kalasan, Sleman, Daerah Istimewa Yogyakarta. Posisinya kira-kira berada 12 kilometer (km) di sebelah timur kota Yogyakarta ke arah kota Solo. Lokasi candinya pun cukup unik, yaitu terletak kira-kira 6,5 meter lebih rendah dari permukaan tanah di sekitarnya. Oleh karena itu, jika hendak masuk ke dalam kompleks candi kamu harus berjalanan kaki menuruni puluhan anak tangga yang cukup curam sehingga kamu harus berhati-hati. Jika kamu berada di kawasan sekitar candi, yang kamu lihat hanyalah atap candi yang sedikit menyembul di permukaan tanah."
33,Pantai Wediombo,4.5,6072,Pantai,5000.0,5000.0,-8.1902176,110.7103772,"Daya tarik pantai ini terletak di gugusan karangnya. Sepanjang bibir pantai, Wedi Ombo dihiasi hamparan karang. Bebatuan ini membuat Wedi Ombo bagaikan taman karang yang luas. Selain itu, lautnya yang tenang membuat lokasinya cocok untuk bersantai. Pantai Wedi Ombo berada di pinggiran teluk. Pantai ini menghadap ke barat dengan garis pantai nyaris lurus. Ini membuat angin laut yang menerpa tidak sekencang pantai lainnya. Sehingga, lautnya pun cenderung lebih tenang."
34,Pantai Parangkusumo,4.4,5887,Pantai,3000.0,3000.0,-8.022769,110.324995,"Pantai Parangkusumo merupakan salah satu pantai yang dianggap sakral oleh penduduk setempat. Masyarakat Jogja meyakini adanya hubungan spesial antara Keraton Jogja dengan Nyi Roro Kidul, penguasa pantai selatan. Dalam tradisi Jawa, Pantai Parangkusumo dianggap sebagai gerbang utama atau jalan menuju Keraton Gaib Laut Selatan, kerajaan Nyi Roro Kidul. Karena itu, tak heran jika Pantai Parangkusumo kerap menjadi tujuan peziarah saat bulan Sura dalam kalender penanggalan Jawa. Begitu pun pada hari-hari biasa, pengunjung akan meramaikan pantai saat malam Selasa Kliwon dan Jumat Kliwon. Meski kental dengan nuansa mistis dan legenda, Pantai Parangkusumo juga menawarkan pemandangan yang tak kalah indah dari pantai lain di Jogja. Di sini, kamu akan melihat tumbuhan sejenis kelapa sawit berjejer di bagian belakang pantai yang menciptakan kesan asri."
35,Taman Sungai Mudal,4.6,5499,Alam,10000.0,10000.0,-7.7628136,110.1161626,"Taman Sungai Mudal, sebuah objek wisata alam terbuka yang terletak di Kabupaten Kulon Progo, yang menawarkan pesona sebuah kolam pemandian yang bersumber dari mata air alami. Mata airnya bersumber dari sebuah goa, sehingga kehadiran Taman Sungai Mudal menjadi mengesampingkan kesan angker dari sebuah goa. Apalagi ditambah dengan dukungan fasilitas yang membuat para wisatawan merasa nyaman saat berada di sana."
36,Taman Pelangi Jogja,4.3,5459,Buatan,15000.0,20000.0,-7.7505259,110.3687049,"Kalau pelangi biasanya ada di siang hari pasca hujan, maka di Taman Pelangi Yogyakarta pengunjung justru bisa menikmatinya setiap malam hari. Ya, ini lantaran taman ini merupakan Taman Lampion beraneka warna dan rupa. Pengunjung bisa mengarahkan diri ke deretan lampion yang berbentuk flora dan fauna. Ada juga lampion berbentuk tokoh kartun disney dan kartun jepang, dinosaurus, naga, serta kehidupan bawah laut yang sangat menarik perhatian terutama anak-anak. Tak meninggalkan Budaya dan Sejarah, ada juga lampion yang berbentuk wajah para tokoh pemimpin bangsa. Buka sejak petang, Taman ini memang sangat cocok dijadikan pilihan destinasi rekreasi keluarga saat malam hari."
37,Situs Warungboto,4.4,5392,Budaya dan Sejarah,,,-7.8102685,110.3931513,"Situs Warungboto merupakan petilasan yang dibangun pada masa pemerintahan Sultan Hamengkubuwono I. Kemudian, pembangunannya diteruskan pada masa pemerintahan Sultan Hamengkubuwono II. Dulunya, tempat ini khusus dijadikan sebagai tempat pemandian. Dikarenakan adanya sumber mata air di lokasi tersebut. Situs Warungboto berada di tengah Kota Jogja, tepatnya di Umbulharjo. Objek wisata ini merupakan peninggalan berBudaya dan Sejarah yang dulu dibangun oleh keluarga keraton. Saat ini, area situs telah dibersihkan dan direnovasi sehingga dapat dikunjungi wisatawan. Tentunya tempat ini begitu menarik karena bangunannya yang unik dan instagramable."
38,Pantai Cemara Sewu Bantul Yogyakarta,4.4,5372,Pantai,10000.0,10000.0,-8.019114,110.3145616,"Jika anda mencari suasana nyaman dan ketenangan, maka pantai ini lah juaranya. Seperti namanya yang berarti pantai seribu cemara, maka begitu anda tiba di area pantai anda akan langsung disambut dengan pohon cemara. Pohon cemara menjadi ikon penting bagi pantai ini. Berbeda dengan pantai-pantai lain yang akan semakin panas jika hari semakin siang. Di Pantai Cemoro Sewu suasana teduh akan bisa selalu anda rasakan walaupun matahari sangat menyengat sekalipun. Gazebo-gazebo yang berdiri rapi di antara pepohonan cemara yang rimbun membuat pengunjung semakin betah untuk bersantai di sana. Apalagi jika semakin sore angin pantai akan semakin semilir menambah sejuk suasana."
39,Bukit Klangon,4.5,5280,Alam,5000.0,5000.0,-7.5768966,110.4548266,Di bukit Klangon kita akan disuguhkan pemandangan luar biasa dari Gunung Merapi. Kita bisa melihat gunung berapi aktif ini dengan jarak yang begitu dekat. Kita tak perlu mendaki hingga puncaknya karena di Bukit Klangon ini kita sudah bisa melihat puncak Gunung Merapi dengan cukup jelas. Di sini terdapat beberapa gardu pandang yang bisa kita gunakan untuk melihat eksotisme alam sekitar bukit. Gardu pandang ini juga biasa menjadi spot foto jadi jangan sampai anda melupakan kamera anda untuk berburu pemandangan yang instagenic.
40,Taman Wisata Kaliurang,4.4,5217,Alam,8000.0,8000.0,-7.598797,110.42636,"Taman Wisata Kaliurang dapat menjadi referensi wisata akhir pekan keluarga. Pemandangan sekitar sangatlah indah, masih banyak pepohonan yang tumbuh tinggi menjulang. Ditambah lagi pemandangan puncak Gunung Merapi yang gagah. Selain itu, udara di sekitar pun masih sangat sejuk. Aroma asap kendaraan bermotor pun tidak tercium di kawasan ini. Berada di sini membuat paru – paru menjadi lebih sehat. Banyak wisatawan yang datang bersama keluarga. Duduk santai beralaskan tikar di atas rerumputan sambil bercengkerama dengan keluarga. Ditambah lagi, suasana yang sangat mendukung untuk beramah – tamah. Selain menyuguhkan pemandangan yang indah, Taman Wisata Kaliurang pun memiliki wahana outbound. Seperti flying fox hingga rumah pohon Ridz High Rope."
41,Jogja National Museum,4.6,5041,"Museum, Budaya dan Sejarah",,,-7.8001175,110.3534164,"Bagi para pecinta kesenian, tentu tidak akan pernah melewatkan yang namanya tempat atau gedung yang menyimpan berbagai hasil kesenian. Salah satu gedung kesenian di kawasan Yogyakarta yang cukup terkenal adalah Jogja National Museum. Letaknya berada di Jalan Amri Yahya Yogyakarta ini. Museum ini sendiri sudah berdiri cukup lama dan menyajikan berbagai karya seni menarik nanapik. Secara singkat museum ini mempertontonkan aneka karya seni kontemporer yang unik dan berkualitas tinggi. Bagi Anda yang sangat suka atau sedang menempuh studi seputar karya seni kontemporer, maka keputusan untuk berkunjung ke tempat ini sangatlah tepat. Anda akan disambut dengan karya-karya seni rupa dari berbagai seniman dan juga dengan kreativitas, serta keunikannya masing-masing."
42,Taman Pintar Yogyakarta,4.5,4846,Buatan,20000.0,20000.0,-7.799757357,110.3678697,"Taman Pintar Yogyakarta adalah wahana wisata yang terdapat di pusat Kota Yogyakarta, tepatnya di Jalan Panembahan Senopati No. 1-3, Yogyakarta, di kawasan Benteng Vredeburg. Taman ini memadukan tempat wisata rekreasi maupun edukasi dalam satu lokasi. tempat rekreasi ini sangat baik untuk anak-anak dalam masa perkembangan. taman ini, khususnya pada wahana pendidikan anak usia dini dilengkapi dengan teknologi interaktif digital serta pemetaan video yang akan memacu imajinasi anak serta ketertarikan mereka terhadap teknologi"
43,Pantai Indrayanti,4.4,4793,Pantai,12000.0,12000.0,-8.1508415,110.6129852,"Pantai kecil berpasir putih yang dikelilingi pepohonan dan bebatuan besar, serta beragam restoran & pertokoan"
44,Mangrove Jembatan Api-Api (MJAA),4.3,4425,Alam,8000.0,8000.0,-7.89485,110.0253631,Mangrove Jembatan Api-api di Kulon Progo ini memadukan konsep alam dan spot instagenik. Anda bisa bersantai sambil foto-foto di sini.
45,Embung Nglanggeran,4.5,4366,Buatan,10000.0,10000.0,-7.8471399,110.5468589,"Embung Nglanggeran merupakan waduk kecil tempat menampung air yang memiliki luas sekitar 0,34 hektar. Air embung ini digunakan untuk sarana pengairan di area perkebunan sekitar. Selain untuk pengairan, telaga ini juga dimanfaatkan sebagai obyek wisata. Itu karena keindahan panorama yang dapat disaksikan dari embung berketinggian sekitar 495 meter di atas permukaan laut ini. Selain embung (telaga tampungan air), pemandangan gunung api purba menjadi pesona yang ditawarkan oleh objek wisata tersebut."
46,Bukit Wisata Pulepayung,4.5,4287,"Alam, Buatan",10000.0,10000.0,-7.8001106,110.1238954,"Pule Payung Kulon Progo Yogyakarta merupakan wisata alam dengan spot foto instagramable. Letaknya tidak jauh dari Kalibiru yaitu terletak di Kulon Progo, Yogyakarta. Tempat wisata yang satu ini sangat direkomendasi untuk anak muda yang ingin mendapatkan foto-foto unik karena memiliki banyak spot foto menarik. Daya tarik yang pertama dari Pule Payung Yogyakarta adalah objek wisata yang menyajikan pesona alam pegunungan. Sehingga, orang-orang menyebutnya dengan Bukit Wisata. Pule Payung Yogyakarta adalah objek wisata yang bukan hanya sekedar menawarkan keindahan, serta kenyamanan dalam berwisatanya saja. Namun mampu memberikan rasa aman bagi setiap pengunjungnya. Daya tarik Pule Payung Yogyakarta yang paling populer adalah onjek wisata yang menyajikan beragam spot keren yang instagramable."
47,Seribu Batu Songgo Langit,4.6,4223,"Alam, Buatan",2500.0,2500.0,-7.931099,110.429738,"Disekitar hutan pinus ternyata masih banyak tempat wisata yang wajib dikunjungi, salah satunya adalah Seribu Batu Songgo Langit. Namanya terdengar asing, namun apabila disebut rumah Hobbit, tentunya sahabat akan segera tahu tempat wisata ini. Ya, Seribu Batu Songgo Langit adalah lokasi dimana terdapat rumah Hobbit yang ada di kawasan Mangunan. Rumah Hobbit yang dimaksud berbeda dengan yang ada di New Zealand pastinya. Rumah Hobbit disini merupakan tiruan dari yang terdapat di film Hobbit atau yang ada di New Zealand. Songgo langit berarti penyangga langit, hal ini dikarenakan di Seribu Baru Songgo Langit terdapat bukit yang seakan akan merupakan tiang dari langit .Seribu Batu Songgo Langit merupakan tempat wisata di kawasan Dlingo yang menawarkan berbagai macam atraksi wisata, namun kebanyakan adalah spot foto. Spot foto di Seribu Batu hampir semuanya anti mainstream."
48,Jurang Tembelan Kanigoro,4.5,3867,"Alam, Buatan",0.0,0.0,-7.9401065,110.4300062,"Objek wisata Bantul ini ialah wisata alam spot foto terbaru yang sekarang menjadi hits di kalangan remaja kekinian. Sebab jurang Tembelan Mangunan Jogja memiliki deck view atau gardu pandangan terlihat cukup unik mirip seperti kapal. Tak heran pada akhirnya banyak wisatawan menyebutnya sebagai kapal titanic diatas awan. Sebelum seperti sekarang, sebenarnya jurang Tembelan Kanigoro Bantul tergolong masih sepi pengunjung. Lantaran baru saja dikembangkan oleh pihak pengelola wisata. Namun spot foto corner berupa gardu pandangan unik dan keindahan dimilikinya membuat pengunjung mulai ramai menyemarakkan. Sehingga tak lagi wisatawan lokal saja berbondong-bondong kesana, wisatawan luar kota pun dibuat penasaran dan menyempatkan waktu berswafoto. Di wisata alam Jogja ini pengunjung diperbolehkan bebas melakukan sesi pemotretan atau pun hanya sekedar berselfie ria. Tak hanya itu saja, pengunjung pun juga dapat menyaksikan lanskap matahari terbenam ketika menjelang sore hari dan juga kala matahari terbit yang diiringi pula keindahan tebal nya kabut putih khas pegunungan Mangunan."
49,Malioboro,4.7,3752,"Buatan, Budaya dan Sejarah",3000.0,3000.0,-7.7982487,110.3652793,"Malioboro adalah jantung Kota Jogja. Meskipun terkenal sebagai surga belanja cendera mata dan barang kerajinan, ternyata tak sedikit wisatawan dan orang lokal mendatangi Malioboro pagi-pagi sekali untuk berolahraga atau sekedar menikmati udara segar sambil mencari sarapan"
50,Blue Lagoon Jogja,4.3,3585,"Alam, Wisata Air",3000.0,3000.0,-7.7044358,110.45026,"Blue Lagoon Jogja merupakan salah satu obyek wisata yang di jadikan tempat pemandian sumber mata air ini yang muncul dari permukaan tanah di dalam kolam. Apabila Anda melihat ke dalam kolam akan terlihat gelembung-gelembung kecil yang muncul dari permukaan tanah. Hal itu menunjukkan bahwa terdapat air yang terus menerus muncul dari permukaan tanah tersebut. Meskipun Blue Lagoon di Jogja ini sudah lama namun tempat wisata ini mulai tenar dipertengahan tahun 2014. Pemandian Blue Lagoon ini terletak di Desa Dalem, Widodomartani, Ngemplak, Sleman, Yogyakarta"
51,Bundaran UGM,4.7,3535,Buatan,0.0,0.0,-7.7760052,110.3760616,Bundaran UGM merupakan gerbang masuk utama Universitas Gadjah Mada.
52,Pantai Pok Tunggal,4.5,3467,Pantai,10000.0,10000.0,-8.1554468,110.6217582,"Pantai Pok Tunggal adalah salah satu pantai populer di Gunungkidul. Pantai ini terletak di Desa Tepus, Kecamatan Tepus. Posisinya sejajar dan tak jauh dari Pantai Indrayanti dan Pantai Watulawang yang tak kalah populer. Nama Pok Tunggal berasal dari keberadaan pohon duras di kawasan pantai tersebut. Pohon jenis ini dikenal sangat sulit tumbuh di daerah pesisir. Karena hanya satu-satunya, pohon ini kemudian menjadi semacam maskot bagi pantai ini. Yang menjadi ciri khas pantai ini adalah bentuknya yang sempit dan memanjang. Di samping itu, lokasinya yang dikelilingi bukit kapur dan karang menjadikan Pok Tunggal tampak lebih eksotis. Pantai ini cocok sebagai destinasi berbagai macam kegiatan rekreasi."
53,Pantai Ngobaran,4.5,3288,"Pantai, Budaya dan Sejarah",5000.0,5000.0,-8.1191333,110.5050409,Keunikan yang menjadi ciri khas Pantai Ngobaran adalah adanya Pura dan Arca. Keberadaannya membuat sekilas Pantai Ngobaran memiliki suasana khas yang mirip dengan Pulau Bali. Satu keunikan yang kemungkinan besar tersembunyi dari kebanyakan wisatawan adalah adanya sumber air tawar di tepi laut. Namun aliran air tawar hanya bisa ditemukan ketika air laut sedang surut. Satu sajian spesial yang bisa didapatkan di Pantai Ngobaran adalah landak laut atau bulu babi. Kuliner ini bisa dipesan di warung-warung yang ada di sekitar pantai. Bagian landak laut yang dimakan adalah dagingnya.
54,Bukit Panguk Kediwung,4.5,3245,Alam,3000.0,3000.0,-7.9583695,110.4407622,"Bukit Panguk Kediwung berlokasi di Kediwung, Mangunan, Dlingo, Bantul, Yogyakarta. Jangan khawatir untuk tersesat karena di sepanjang jalan menuju ke lokasi kita akan melihat beberapa papan petunjuk. Kurang lebih berjarak 20 km dari pusat Kota Yogyakarta. Dari pusat Kota Yogyakarta anda bisa bergerak menuju ke selatan tepatnya ke arah Jalan Imogiri Timur, ikuti jalan hingga menemukan Pasar Imogiri, lalu belok kiri dan lanjutkan perjalanan menuju ke arah Dlingo, dari sana anda akan mulai melihat petunjuk jalan menuju Bukit Panguk Kediwung. Akses jalan menuju Bukit Panguk Kediwung sudah diaspal halus hanya saja konturnya sedikit naik turun namun masih dalam kategori aman. Sangat disarankan untuk menggunakan kendaraan pribadi karena akses ke sini menggunakan kendaraan umum cukup sulit. Salah satu yang menjadi magnet bagi pengunjung untuk datang adalah keindahan pemandangan alamnya. Pengelola sudah menyediakan beberapa gardu pandang terbuat dari kayu dan bambu yang sengaja dibangun menjorok ke arah bibir tebing sehingga pengunjung bisa melihat dengan jelas pemandangan di bawah Bukit Panguk Kediwung yang eksotis. Dari atas kita bisa melihat aliran panjang Sungai Oya yang membelah bukita hijau yang menghampar hijau. Gardu pandang ini bukan gardu pandang biasa karena memiliki bentuk-bentuk yang unik karena sekaligus jadi spot foto. Ada yang berbentuk jembatan memanjang, bentuk sayap kupu-kupu, bentuk kereta kuda, dan masih banyak lagi. Gardu pandang dengan bentuk biasa juga tersedia. Gardu pandang di Puncak Bukit Penguk Kediwung ini terbagi dalam dua bagian, yaitu bagian timur dan selatan. Gardu pandang bagian timur sangat cocok untuk menikmati matahari terbit di pagi hari sedangkan gardu pandang sebelah selatan menghadap ke pegunungan yang berjajar. Kedua spot sama-sama menyuguhkan pemandangan yang luar biasa dan tidak boleh anda lewatkan ketika liburan di Yogyakarta."
55,Kebun Teh Nglinggo,4.5,3199,Agrowisata,10000.0,10000.0,-7.647054,110.1414699,Wisata Kebun Teh Nglinggo adalah satu-satunya kebun teh yang berada di Yogyakarta. Sebenarnya kebun teh ini merupakan tempat mata pencaharian penduduk di sekitar Pagerhajo. Kemudian warga mempunyai ide untuk menjadikannya sebagai tempat wisata. Dengan pesona alamnya Kebun Teh Nglinggo menjadi objek wisata yang cukup terkenal di Kulon Progo. 
56,Pantai Nglambor,4.4,3192,Pantai,10000.0,10000.0,-8.1827028,110.6792399,"Pantai Nglambor adalah sebuah pantai eksotis yang terletak di Kelurahan Purwodadi, Kecamatan Tepus, Gunung Kidul, Daerah Istimewa Yogyakarta. Lokasinya persis di sebelah barat dari Pantai Siung dan sebelah timur dari Pantai Jogan. Jaraknya kurang lebih 74 km dari pusat kota Jogja, pantai ini menawarkan panorama pantai yang indah."
57,Air Terjun Kedung Pedut,4.5,3164,"Alam, Wisata Air",3000.0,3000.0,-7.7699875,110.1210707,"Air Terjun Kedung Pedut atau biasa disebut Curug Kedung Pedut berasal dari istilah bahasa Jawa. Curug yang berarti air terjun, kedung berarti kubangan atau kolam, dan pedut berarti kabut. Air Terjun Kedung Pedut merupakan salah satu wisata alam yang di Kulonprogo yang dikenal karena keindahan warna airnya."
58,Pantai Ngandong,4.5,3151,Pantai,10000.0,10000.0,-8.146423,110.6061408,"Pantai ini memiliki garis pantai yang panjang dengan pasir putih yang bersih dan lembut. Ada bebatuan di pinggir pantai yang bisa dimanfaatkan oleh pengunjung untuk bermain air. Permainan air disini selain berenang, juga tersedia fasilitas kano. Pemandangan unik yang dapat dilihat di pantai ini, adalah adanya pulau yang berada di tengah laut. Saat sedang surut, pulau itu bisa dicapai dengan jalan kaki."
59,Pantai Sepanjang,4.4,3130,Pantai,10000.0,10000.0,-8.1366656,110.5659962,"Siapa sangka, ternyata Yogyakarta pun punya “Kuta”-nya sendiri Ialah Pantai Sepanjang, salah satu pantai di Kabuaten Gunungkidul. Daerah yang satu ini memang memiliki koleksi pantai cantik yang tak terhitung jumlahnya. Bahkan pantai ini digadang-gadang sebagai ‘Kuta Tempo Doeloe‘. "
60,Candi Sewu,4.6,2968,Budaya dan Sejarah,10000.0,10000.0,-7.7439217,110.4929095,"Candi Sewu adalah candi Buddha yang dibangun pada abad ke-8 Masehi yang berjarak hanya delapan ratus meter di sebelah utara Candi Prambanan. Candi Sewu merupakan kompleks candi Buddha terbesar kedua setelah Candi Borobudur di Jawa Tengah. Candi Sewu berusia lebih tua daripada Candi Borobudur dan Prambanan. Meskipun aslinya memiliki 249 candi, oleh masyarakat setempat candi ini dinamakan ""Sewu"" yang berarti seribu dalam bahasa Jawa. Penamaan ini berdasarkan kisah legenda Loro Jonggrang."
61,Gunung Api Purba Nglanggeran,4.6,2807,Alam,15000.0,15000.0,-7.8427585,110.5379165,"Kawasan Ekosistem Gunung Purba Nglanggeran atau yang biasa disebut Gunung Nglanggeran ini merupakan kawasan yang litologinya disusun oleh material vulkanik tua, berbentuk gunung batu raksasa yang membentang sepanjang kurang lebih 800 meter dengan tinggi mencapai 300 meter. di Kawasan Gunung Api Purba Nglanggeran juga dijumpai fauna dan flora langka, seperti tanaman tremas (tanaman obat yang hanya hidup dikawasan ekowisata Gunung Api Purba), kera ekor panjang."
62,Galaxy Waterpark,4.3,2761,Wisata Air,25000.0,35000.0,-7.8159633,110.4136917,"Galaxy Waterpark cocok sebagai opsi untuk berlibur bersama keluarga, apalagi untuk anak-anak. Disini disediakan bermacam wahana seperti kolam arus, flying fox, wahana water slide, kolam olimpic yang didesain dengan standar internasional untuk para atlet dewasa renang."
63,Pemecah Ombak Pantai Glagah,4.4,2683,"Buatan, Alam",5000.0,5000.0,-7.9190028,110.0775951,Pemecah gelombang merupakan atraksi wisata utama yang ada di Pantai Glagah. Banyak pengunjung datang ke pantai ini untuk melihat secara langsung seperti apa pemecah gelombang itu. Ada dua pemecah gelombang di kawasan Pantai Glagah ini. Pemecah gelombang yang banyak dikunjungi wisatawan ada di sisi barat yang satu bagian dengan kawasan pantai pasir Glagah. Pemecah gelombang sisi timur bisa dijangkau melalui Dermaga Adikarta.
64,Pantai Timang,4.5,2656,Pantai,5000.0,5000.0,-8.1759266,110.6624196,"Begitu memasuki wilayah pantai, pengunjung akan disambut dengan indahnya perpaduan warna alam. Air di bibir pantai yang berwarna hijau toska, dan semakin berwarna biru ke tengah laut. Tidak perlu ditanya lagi, tentu airnya begitu jernih dan bersih. Selain itu, terdapat pula perbukitan yang ditumbuhi banyak pohon, begitu menyejukkan dipandang mata. Batu – batu karang yang besar membentang dengan gagahnya. Siap menghadang besarnya ombak yang menghantam pantai. Yang paling khas dari pantai ini adalah keberadaan gondola untuk menyeberang menuju Pulau Timang. Gondola ini membentang dari Pantai menuju ke Pulau Timang yang berupa batu karang. Gondola ini terbuat dari kayu sederhana, dengan tali tambang yang ditarik manual. Wahana lain yang juga memacu adrenalin adalah Jembatan Gantung. Jembatan ini juga menghubungkan area pinggir pantai dengan Pulau Timang. Dimana jembatan ini menjadi alternatif bagi pengunjung yang ingin menyeberang selain menggunakan gondola.

"
65,Museum HM Soeharto,4.4,2628,"Museum, Budaya dan Sejarah",,,-7.7913177,110.2805284,"Museum Soeharto adalah adalah bangunan berBudaya dan Sejarah berbentuk museum yang menyimpan memoar dan peninggalan-peninggalan Jenderal Besar TNI Soeharto yang diresmikan pada tahun 2013. Museum ini berdiri di atas tanah milik Soeharto yang terletak di Dusun Kemusuk Lor, Desa Argomulyo, Kecamatan Sedayu, Kabupaten Bantul, Daerah Istimewa Yogyakarta. Di dalam memorial ini, terdapat sebuah bangunan joglo besar di pusat lokasi, rumah kakek buyut Pak Harto yaitu Notosudiro. Terdapat juga barang-barang peninggalan, diorama Budaya dan Sejarah kehidupan pak Harto,  dokumen arsip nasional, video, dan beberapa foto yang berkaitan dengan Budaya dan Sejarah Pak Harto. "
66,Bukit Lintang Sewu,4.5,2600,Alam,3000.0,3000.0,-7.9157997,110.4366436,"Bukit Lintang Sewu merupakan salah satu tempat wisata alam yang berhawa sejuk di Yogyakarta. Keunggulan lainnya adalah lingkungannya menawarkan panorama yang indah. Dari bukit ini dapat melihat pemandangan lampu kota atau melihat bintang di malam hari. Bukit Lintang Sewu juga punya banyak fasilitas liburan, seperti area glamping, camping, outbound dan hutan kayu putih"
67,Grand Puri Waterpark,4.2,2440,Wisata Air,35000.0,35000.0,-7.8777662,110.352078,"Grand Puri Waterpark Yogya berlokasi di daerah Bantul, salah satu waterpark terbesar di Kabupaten Bantul. Tempat rekreasi keluarga yang menyediakan atraksi dan wahana seru dan bisa dimainkan baik untuk anak-anak, maupun orang dewasa. Terdapat kolam seni olympic, kolam arus, kolam penerima, dan kolam batita. Disana juga terdapat berbagai fasilitas foodcourt, freewifi, gazebo, atm, dan masih banyak lagi."
68,Balong Waterpark,4.2,2376,Wisata Air,15000.0,20000.0,-7.8434924,110.4103899,"“Full of Splash and Fun”, itulah slogan yang diusung oleh Balong Waterpark. Di dalam waterpark ini akan kita temukan dua buah kolam utama yang diperuntukkan untuk balita dan orang dewasa. Selain itu, berbagai wahana permainan semacam ember tumbah, water coaster, hingga family slide juga tersedia untuk dinikmati. Suasana di dalam lokasi cukup sejuk dan bersih. Berbagai fasilitas umum juga sudah disiapkan untuk memberi kenyamanan bagi para pengunjung. Waterpark ini sangat recomended sebagai tujuan rekreasi akhir pekan bersama keluarga. Anak-anak bisa bermain sepuasnya, orang dewasa juga bisa bersantai dengan nyamannya. "
69,Kids Fun Park (Pusat),4.4,2314,Buatan,65500.0,,-7.827611573,110.4413491,Kids Fun merupakan wahana atau tempat bermain untuk anak-anak
70,Pantai Kesirat,4.6,2296,Pantai,5000.0,5000.0,-8.0961535,110.4350483,"Pantai Kesirat dapat dijadikan area untuk perkemahan. Letaknya yang jauh dari keramaian bisa membuat pengunjung jadi lebih nyaman dan menikmati momen kebersamaan ketika berlibur dengan keluarga, teman, atau kerabat. Disana fasilitas warung makan dan kamar mandi tetap beroperasi selama 24 jam.Yang menjadi keunggulan dari Pantai Kesirat adalah letaknya yang dikelilingi tebing. Tebing ini merupakan tempat favorit untuk memancing ikan atau sekadar duduk-duduk menikmati hembusan angin di pantai."
71,Stonehenge Merapi,4.3,2282,Buatan,5000.0,5000.0,-7.6022481,110.4479012,"Wisata baru ini baru ngehits di Jogja tepatnya di Kepuharjo, Cangkringan, Sleman kamu bakal menemui replika Stonehenge, peninggalan jaman praBudaya dan Sejarah berupa susunan batu-batu besar yang tidak beraturan yang aslinya terletak di Inggris. Bentuk dan susunan batu di Stonehenge Cangkringan mirip dengan aslinya, lengkap dengan alas rumput hijaunya. Masuk dan duduk di bagian dalam lingkaran tersebut akan jadi pengalaman yang berbeda."
72,CitraGrand Mutiara Waterpark Yogyakarta,4.3,2260,Wisata Air,50000.0,80000.0,-7.8137343,110.2831838,"Waterpark ini menjadi salah satu objek wisata air favorit untuk keluarga. Mengusung tema Treasure Adventure, CitraGrand Mutiara Waterpark Yogya menghadirkan berbagai wahana permainan air yang akan membawa pengunjung seolah berpetualang bersama bajak laut."
73,Wisata Telaga Potorono,4.4,2248,"Buatan, Wisata Air",,,-7.8300074,110.4204773,"Selain diperuntukkan sebagai telaga, telaga desa Potorono juga dimanfaatkan sebagai tempat wisata alternatif yang menarik. Telaga desa Potorono menawarkan pemandangan yang indah dengan udara yang sejuk. Di sekitar telaga terdapat enam (6) buah gazebo/gubuk yang dapat dimanfaatkan sebagai tempat berteduh."
74,Desa Wisata Pulesari,4.4,2245,Desa Wisata,50000.0,50000.0,-7.6258806,110.371698,"Suasana khas pedesaan akan segera menyambut para wisatawan saat menjejakan kaki pertama kali di desa yang masuk dalam kabupaten Sleman ini. Sungai berair jernih, perkebunan salak yang tertata rapi, dan sapaan ramah dari warga menjadi pemandangan lumrah di desa ini."
75,Wisata Alam Watu Amben,4.4,2235,"Alam, Buatan",,,-7.8576729,110.4727388,"Watu Amben Jogja merupakan sebuah wisata alam dimana kamu bisa menikmati lampu kota Yogyakarta di malam hari. Salah satu wisata alam unik dari Jogja adalah Watu Amben Jogja. Objek wisata ini tidak hanya memiliki unsur alam namun juga unsur buatan. Objek wisata ini termasuk ke dalam komplek perbukitan Bukit Bintang Gunung Kidul. Dari atas bukit ini, kamu bisa melihat indahnya pemandangan alam dan pemandangan kota Jogja. Apalagi kalau dinikmati pada malam hari, kamu bisa melihat kelap-kelip lampu Kota Jogja. Tempat ini pun menjadi pilihan tempat nongkrong asyk bagi para masyarakat Jogja khususnya para anak muda. Ya, karena selain menikmati pemandangan, kamu juga bisa menikmati hidangan lezat khas Jogja."
76,Candi Sojiwan,4.5,2159,Budaya dan Sejarah,5000.0,5000.0,-7.7603952,110.4962014,"Candi Sojiwan memiliki keunikan. Keunikan ini berasal dari beberapa panel relief yang bercerita tentang cerita-cerita binatang. Jika dipahami lebih dalam cerita-cerita ini menyampaikan pesan-pesan moral yang tidak lekang oleh waktu. Pesan-pesan moral ini juga sangat berguna untuk menjalani kehidupan sehari-hari. Setelah dilakukan penelitian, terdapat beberapa temuan menarik. Salah satunya adalah parit keliling. Parit keliling ini sebagian berada di pemukiman warga. Di dalam parit kelagian ditemukan arca, pondasi candi, struktur pagar, batu candi (lepas), struktur dan batu candi di sekitar permukiman warga yang berada di sebelah selatan candi Induk. Candi Sojiwan berada di kawasan Siwa Plateu yang banyak terdapat candi baik candi berlatar belakang agama hindu maupun budha. Hal ini menunjukkan bahwa sejak dulu nenek moyang kita telah hidup harmonis dan sangat toleran. Nilai-nilai toleransi ini sangat dibutuhkan masyarakat Indonesia sekarang ini mengingat kita berbeda-beda keyakinan."
77,Goa Selarong,4.3,2116,Alam,6000.0,6000.0,-7.860965268,110.3145237,"Gua Selarong atau bisa disebut Gua Diponegoro, adalah gua berBudaya dan Sejarah sekaligus tempat wisata alam dan religius. Goa Selarong merupakan sebuah goa kecil yang berada di Dusun Kembangputihan, Kecamatan Pajangan, Bantul. Lokasinya cukup mudah dijangkau karena tak jauh dari Kota Bantul, DIY. Di Goa Selarong, terdapat dua goa, yaitu Goa Kakung dan Goa P Sekilas, tak ada tampilan yang menarik secara visual dari kedua goa tersebut. Namun, goa itu menyimpan peristiwa besar yang menjadi bagian dari Budaya dan Sejarah bangsa Indonesia. Terutama kisah kepahlawanan Pangeran Diponegoro yang menjadi tokoh besar saat meletusnya Perang Jawa pada 1825-1830.utri."
78,Waduk Sermo,4.5,2057,"Buatan, Wisata Air",5000.0,5000.0,-7.821219329,110.1149803,"Waduk Sermo merupakan sebuah waduk yang berada di Kabupaten Kulon Progo, Daerah Istimewa Yogyakarta, waduk seluas 157 hektar ini dibangun mulai pada tahun 1994 dan diresmikan oleh Presiden Indonesia ke-2 saat itu yaitu Presiden Soeharto pada 20 November 1996. Waduk ini dibangun dengan membendung Kali Ngrancah di Desa Hargowilis Kecamatan Kokap, adanya pembangunan waduk ini juga mengahruskan pemerintah melakukan program transmigrasi, sebanyak 100 kk di transmigrasikan ke Tak Toi Bengkulu. Ada banyak hal yang bisa sobat semua lakukan di tempat ini, yang pertama yaitu berfoto di spot foto menarik, terdapat berbagai macam spot foto menarik yang bisa dimanfaatkan pengunjung di tempat ini. Selanjutnya bagi sobat semua yang hobi memancing ikan tak ada salahnya mencoba memburu ikan “Setan Merah” yaitu ikan predator yang ada di waduk ini, Ikan Merah merupakan primadona dikalangan pemancing di Waduk Sermo ini."
79,Pantai Glagah,4.4,2004,Pantai,6000.0,6000.0,-7.9119427,110.0647339,"Pantai Glagah Indah adalah salah satu pantai yang menjadi objek wisata di provinsi Daerah Istimewa Yogyakarta. Pantai Glagah Indah merupakan salah satu pantai di Yogyakarta dengan hamparan pasir yang berwarna hitam dan banyak mengandung pasir besi. Pantai Glagah Indah memiliki akses yang baik. Pantai Glagah dikenal sebagai salah satu pantai di Jogja yang memiliki ombak cukup besar. Oleh sebab itu, di kawasan pantai pun dibangun tetrapod."
80,Grojogan Watu Purbo Bangunrejo,4.5,1927,Alam,5000.0,5000.0,-7.6340196,110.3383881,"Tempat ini menjanjikan spot foto selfi yang begitu menarik dan aliran sungai serta taman bunga yang indah. Pun, wisatawan dapat menikmati kuliner pedesaan yang menggugah selera dengan dilatarbelakangi birunya Gunung Merapi. Destinasi yang masih terhitung baru ini sebenarnya adalah aliran sungai Kali Krasak yang berhulu di Gunung Merapi. Aliranya terbentuk dari 6 buah sabo dam yang tersusun bertingkat dengan ketinggian 3 sampai 7 meter sehingga tercipta air terjun atau dalam bahasa Jawa disebut grojogan. "
81,Kebun Buah Mangunan,4.5,1887,Agrowisata,5000.0,6000.0,-7.939896,110.424336,"Kebun Buah Mangunan adalah salah satu tempat wisata di kawasan Mangunan, Dlingo, Kabupaten Bantul, Yogyakarta. Kawasan wisata yang terkenal sebagai salah satu spot Negeri di Atas Awan ini terletak sekitar 25 kilometer (km) dari kota Yogyakarta. Dengan waktu tempuh kurang lebih satu jam perjalanan, Kebun Buah Mangunan bisa jadi alternatif tempat wisata bersama keluarga di akhir pekan."
82,Pantai Ngrenehan,4.4,1876,Pantai,5000.0,5000.0,-8.1211475,110.5142337,"Pantai Ngrenehan merupakan pantai nelayan. Terletak di desa Kanigoro Kecamatan Saptosari kurang lebih 30 km di sebelah selatan kota Wonosari. Suatu pantai berupa teluk yang dikelilingi hamparan perbukitan kapur dan memiliki panorama yang sangat memukau dengan deburan ombak menerpa pasir putih. Pantai ini diapit oleh dua bukit karang yang cukup besar dan menjorok ke laut. Di pantai ini, pengunjung dapat mengamati langsung kegiatan nelayan tradisional. Juga bisa menikmati ikan segar yang baru saja diangkat dari kedalaman laut selatan."
83,Tirtonirmolo Water Park Galuh,4.2,1857,Wisata Air,30000.0,30000.0,-7.748672,110.501128,"Tirtonirmolo Water Park Galuh merupakan gabungan dari hotel galuh yang berada di sisi selatan Tirtonirmolo Water Park Galuh. Wisatawan dapat menikmati berbagai wahana di sekitar Tirtonirmolo Water Park. Bukan hanya air saja disini juga terdapat 12 kolam yaitu kolam renang dewasa, kolam renang seluncur, anak-anak, mandi bola, kolam keluarga, kolam arus, kolam ember tumpah, kolam renang songsong gora, kolam renang laba-laba, kuda laut, dan kolam air mancur. Wisata ini cocok didatangi bersama keluarga maupun teman."
84,Affandi Museum,4.6,1848,"Budaya dan Sejarah, Museum",30000.0,30000.0,-7.782713,110.396397,"Museum Affandi merupakan salah satu museum seni di Daerah Istimewa Yogyakarta, Indonesia. Museum yang berada di tepi Sungai Gajah Wong ini menyimpan berbagai macam lukisan karya Affandi. Selain itu, museum ini juga menyimpan banyak benda peninggalan Affandi lainnya seperti mobil, sepeda onthel dan masih banyak lagi. Ada lebih dari 300 lukisan termasuk beberapa potret diri dan karya dari seniman terkenal lainnya seperti Sudjojono, Hendra Gunawan, dan Barli. Jangan lupa untuk mengambil foto rumah Affandi yang ikonis dengan atap yang berbentuk pelepah pisang."
85,Museum Monumen Pangeran Diponegoro,4.4,1778,"Budaya dan Sejarah, Museum",,,-7.7865891,110.3514473,"Museum Monumen Pangeran Diponegoro adalah museum sekaligus monumen kediaman Pangeran ketika dikepung oleh pihak Belanda. Museum ini berisi berbagai peninggalan Pangeran Diponegoro. Di museum ini juga terdapat pendapa dan pringgitan yng didalamnya berisi benda-benda berBudaya dan Sejarah.  Benda berBudaya dan Sejarah tersebut berupa berbagai jenis senjata tradisional seperti keris, tombak, pedang, panah, dan masih banyak lagi senjata yang dikoleksi di dalam museum ini. i Museum Monument Pangeran Diponegoro ini juga terdapat dinding yang berlubang yang menjadi jalan keluar Pangeran Diponegoro untuk bisa lolos dari kepungan penjajah Belanda. Di museum ini juga terdapat barang peninggalan milik Sri Sultan Hamengku Buwono II yaitu ketipung dan wilahan bonang penembung yang terbuat dari kayu dan perunggu yang berwarna merah dan kuning, barang peninggalan Sri Sultan HB II yang ada mencapai lebih dari 100 buah. Disana juga terdapat dua senjata meriam yang terletak di depan dan disebelah timur pendopo, serta ada berbagai macam peralatan rumah tangga seperti tempat menaruh siri, canting, teko dan bokor."
86,Puncak Kebun Buah Mangunan,4.6,1773,Agrowisata,8000.0,8000.0,-7.9413718,110.4247345,"Objek wisata ini menawarkan keindahan berupa panorama alam dataran tinggi yang hijau dan masih sangat alami. Selain itu, dari sana kamu juga bisa menikmati landscape Kota Bantul dengan segala rutinitas penduduknya, landscape yang sangat cantik dan mempesona. Dari kawasan wisata ini kamu juga bisa menyaksikan gagahnya gunung Sewu yang berada di seberang. Beberapa tanaman yang bisa kamu amati dan pelajari yakni pohon rambutan, durian, manggis, jeruk, mangga, pohon pinus, king grass atau rumput raja, salak magium, duku, sawo, cempedak, jambu biji, dan masih banyak yang lainnya. Disana wisatawan dapat berburu aneka buah-buahan, camping, melihat watu tumpang yaitu batu besar yang menumpang di atas batu kecil, memancing, bersepeda, berenang, belajar pembibitan sapi, flying fox."
87,Lava Tour Merapi,4.6,1714,Alam,350000.0,350000.0,-7.5934503,110.4316004,Lava Tour Merapi bisa menjadi pilihan aktivitas wisata ketika berlibur di Yogyakarta. Lava Tour Merapi adalah istilah untuk tur wisata kawasan terdampak erupsi Gunung Merapi tahun 2010. Tur yang dimaksud saat ini merupakan tur menggunakan mobil jenis jeep. Kegiatan tur meliputi kunjungan ke sejumlah titik yang terkena dampak langsung erupsi. Ada berbagai macam paket yang disediakan.
88,Museum Sonobudoyo Unit I,4.6,1711,"Budaya dan Sejarah, Museum",3000.0,3000.0,-7.8024499,110.3639555,"useum Sonobudoyo unit pertama yang ada di dekat Alun-Alun Keraton Yogyakarta yang memiliki bentuk seperti bangunan rumah joglo dengan gaya Masjid Keraton Kasepuhan Cirebon. di museum ini terdapat koleksi alat musik seperti replika andong, wayang Rama, Sinta dan juga Lesmana, Anoman hingga Rahwana. Kemudian koleksi keris, koleksi batik dan koleksi buku kebudayaan."
89,Museum Factory Dan Kedai Chocolate Monggo,4.6,1704,Agrowisata,15000.0,15000.0,-7.8408737,110.298431,"Disini wisatawan dapat belajar mengenai Budaya dan Sejarah cokelat, melihat langsung pembuatan cokelat di pabrik, dan langsung bisa mempraktekkan membuat cokelat. Cokelat Monggo ini dibuat dari warga negara Belgia, yang terinspirasi karena rasa rindunya akan rasa cokelat Belgia."
90,Kawasan Pantai Baron,4.4,1698,Alam,10000.0,10000.0,-8.1288246,110.5487763,"Objek wisata Pantai Baron merupakan pantai yang membentuk cekungan. Seperti pantai lainnya, di Pantai Baron tersedia aneka ikan laut beserta olahannya. Ikan yang biasanya dijual di Pantai Baron adalah udang windu, kakap, bawal putih dan tongkol. Pantai Baron memiliki fasilitas berupa tempat pelelangan ikan, wahana permainan anak-anak, perahu bermesin, dan toko cenderamata. Buah sirkaya, pisang tanduk, sirsak, dan berbagai macam cenderamata yang terbuat dari kerang laut."
91,Kids Fun Galleria Mall,4.4,1693,Buatan,60000.0,60000.0,-7.7823797,110.3791605,"Kids Fun cabang Galeria Mall menawarkan tema Wild Wild West yang membawa kita ke dunia barat dimana kaum koboi dan Indian bertemu. Tidak hanya sekedar nama, desain interiornya pun disesuai dengan tema yang diusung. Di beberapa bagian diletakkan patung koboi dan Indian untuk memperkuat suasana. Belum lagi area counter yang sekilas mirip bar di film-film bertema sejenis."
92,Taman Bunga Amarilis,4.2,1641,Agrowisata,10000.0,10000.0,-7.8563245,110.4991167,"Taman Bunga Amarlis dapat dikatakan wisata tahunan, karena bunga mekar setiap tahun. Namun, jangka mekarnya sangat pendek, sehingga pengunjung harus segera datang ketika mekar. Dan dari tahun ke tahun, kondisi taman bunga sudah semakin baik. Jalan setapak yang sudah rata dengan semen telah disediakan. Sehingga, pengunjung tidak perlu khawatir becek atau kotor karena tanah. Taman pun telah dibentuk dengan kotak – kotak yang membuatnya tampak tertata rapi. Taman bunga telah dilengkapi dengan jalan setapak yang membantu akses pengunjung lebih dekat dengan bunga. Jadi, angle ketika berfoto lebih terlihat indah. Taman bunga juga dibentuk sehingga tidak monoton hanya satu lahan seperti sawah.

"
93,Tegaldowo Puspa Gading Park,4.4,1635,Buatan,10000.0,10000.0,-7.8656715,110.3228654,"Satu lagi obyek wisata alternatif karya dari warga hadir di Kabupaten Bantul, destinasi baru tersebut telah menjadi viral di media sosial (medsos) namanya Taman Puspa Gading berlokasi di Dusun Tegaldowo, Dukuh Grojogan, Kecamatan Bantul, Bantul, DIY. Taman Puspa Gading berada di pinggiran sungai Bedog, selain berupa taman untuk berswafoto berlatar belakang hamparan sawah dengan berhiaskan patung kadal raksasa dan jembatan gantung yang membentang di atas sungai. Taman Puspa Gading juga memiliki beberapa wahana permainan anak, diantaranya kolam renang, mandi bola, terapi ikan, foto dengan badut kelinci, motor apv, menangkap ikan, dan wahana melukis."
94,Bendungan Kamijoro,4.3,1563,Buatan,,,-7.8787758,110.2662888,"Bendungan Kamijoro adalah bendungan yang menahan aliran sungai Progo dan mengalirkan sebagian airnya untuk pengairan areal persawahan. Tapi Bendungan Kamijoro bukan sembarang bendungan, di atas bendungan ini terbentang jembatan sepanjang 161 meter dengan lebar 3 meter. Jembatan Bendungan Kamijoro menghubungkan Bantul dan Kulon Progo tepatnya di Dusun Plambongan, Desa Triwidadi, Kecamatan Pajangan, Kabupaten Bantul dengan Dusun Kaliwiru, Desa Tuksono, Kecamatan Sentolo, Kulon Progo. Tanpa jembatan itu, orang harus memutar sangat jauh. Jembatan ini menjadi landscape baru untuk Bantul dan Kulon Progo. Bentuknya mirip jembatan Ampera di Palembang, lengkap dengan tiang yang menjulang tinggi dan hiasan tali-tali baja yang seolah menyangga beban jembatan. Bendungan ini jadi salah satu daya tarik wisata sekaligus mampu menggerakkan ekonomi mikro masyarakat di sekitarnya. Karena banyak yang berkunjung ke sana, masyarakat setempat memanfaatkan kesempatan itu untuk berjualan aneka jajanan dan makanan. Bendungan Kamijoro diresmikan langsung oleh Presiden Joko Widodo pada akhir 2019 lalu dan hingga kini jadi salah satu magnet wisata di Kulon Progo dan Bantul. Selain jembatan yang cantik, ada juga Taman Bendungan Kamijoro yang bisa jadi pilihan tempat untuk bersantai, duduk dan menikmati hembusan angin bendungan yang semilir. Taman ini berada di sisi barat atau masuk wilayah Kulon Progo terdapat taman. Dari sini kita bisa berfoto dengan background jembatan sekaligus bendungan yang megah. Sedang di sisi timur atau masuk wilayah Bantul terdapat sebuah sistem pengairan yang tertata canggih dan modern. Terdapat beberapa pintu-pintu air dengan kontrol elektrik. Di area taman, terdapat plaza yang besar untuk berfoto-foto, bersantai, ataupun berkumpul mengadakan kegiatan massal. Salah satu spot foto yang jadi favorit pengunjung adalah di bagian undakan tertinggi plaza dengan latar belakang tulisan “Bendungan Kamijoro.” Jika kamu ingin berkunjung ke sini membawa keluarga tak perlu khawatir, Bendungan Kamijoro sangat ramah keluarga. Tak jauh dari taman, terdapat aneka mainan anak-anak seperti ayunan, jungkat-jungkit, hingga papan luncur. Taman juga dikemas sebagai wisata edukasi bagi keluarga dengan ditanam banyak jenis buah-buahan seperti durian, kelengkeng, sawo, hingga jambu kristal. Area taman sudah dibangun untuk pedestrian sehingga sangat nyaman untuk berjalan kaki."
95,Goa Kiskendo,4.3,1446,"Alam, Budaya dan Sejarah",5000.0,5000.0,-7.7471047,110.1310147,"Goa beserta kisah-kisah yang menyertainya menjadi daya tarik terbesar obyek wisata ini. Goa konon sudah ditemukan 2 abad silam. Para leluhur terdahulu memanfaatkan untuk mencari ketenangan batin dan pencerahan lewat bertapa. Goa itu sepanjang 1,5 kilometer goa di dalam bumi Bukit Menoreh. Ada dua percabangan besar di dalamnya dan mengarahkan pengunjung pada bekas tempat banyak orang di masa lalu dalam melakoni pertapaan."
96,Pantai Ngrumput,4.6,1437,Pantai,10000.0,10000.0,-8.1403829,110.5831238,"Pantai Ngrumput memang kalah pamor dengan Parangtritis. Namun, urusan eksotisme, pantai yang terletak di Gunung Kidul itu tak bisa disepelekan begitu saja. Karena belum begitu dikenal oleh masyarakat, pantai ini seolah belum terjamah. Sehingga keindahan alamnya masih alami dan juga bersih karena terhindar dari sampah. Selain itu wisatawan yang datang kemari bisa merasakan memiliki pantai pribadi karena masih sepi pengunjung. Eksotisme pertama dari Pantai Ngrumput di mata para wisatawan adalah tepi pantainya. Seperti halnya Pantai Gunung Kidul lainnya yang terkenal dengan pasir putihnya, demikian juga dengan pantai ini. Istimewanya, banyak wisatawan tak ingin beranjak dari pasir tersebut hingga memilih untuk bermalam. Biasanya kegiatan camping itu selalu identik dengan mendaki gunung. Kali ini, tanpa perlu mendaki wisatawan dapat merasakan sensasi bermalam di bawah sinar rembulan. Kegiatan ini yang membuat Pantai Ngrumput ini makin popular di mata wisatawan.

"
97,Pantai Ngedan,4.4,1382,Pantai,5000.0,5000.0,-8.1163418,110.4963362,"Pantai Ngeden atau Ngedan yang terletak di Desa Krambil Sawit. Tersembunyi di balik bukit karang, pantai cantik ini memberikan kesan eksklusif bagi pengunjungnya. Terletak agak terpencil, Pantai Ngeden menyimpan keindahan alam yang masih terjaga. Berkunjung kemari memang tidak terlalu mudah karena akses jalannya yang belum maksimal. Akan tetapi, hijaunya perbukitan serta birunya laut akan memanjakan wisatawan begitu tiba di lokasi."
98,Pantai Slili,4.5,1343,Pantai,10000.0,10000.0,-8.1449664,110.6028766,"Pantai Slili merupakan pantai kecil bagian selatan Kecamatan Tepus, Kabupaten Gunungkidul. Lokasinya tepat berada di antara Pantai Krakal dan Pantai Sadranan. Ketiganya hanya dipisahkan oleh bukit karang yang bisa dijelajahi. Salah satu yang populer dari Pantai Slili adalah posisinya. Slili diapit oleh dua bukit yang berbatasan langsung dengan pantai yang jauh lebih luas. Kedua bukit ini membuat area pantai menyerupai teluk berukuran mini. Pantai Slili dikenal memiliki spot-spot cantik untuk snorkeling. Begitu juga dengan Pantai Slili yang menjadi ‘tetangga’-nya. Lantai karangnya merupakan habitat yang baik untuk biota laut. Ada penyewaan alat snorkeling serta jasa instruktur snorkeling yang bisa dicoba jika berkunjung kemari."
99,Camera House Borobudur,4.1,1304,Museum,15000.0,15000.0,-7.6244995,110.2027713,Camera House Borobudur ini rumah yang dibentuk menyerupai kamera DSLR berukuran raksasa. Rumah Kamera ini adalah museum yang menampilkan hasil lukisan Pak Tanggol dan terdapat studio foto yang unik serta menarik. Kamu dapat melihat lukisan-lukisan yang indah yang terdapat di Camera House Borobudur ini.
100,Candi Kalasan,4.5,1291,Budaya dan Sejarah,5000.0,5000.0,-7.767284,110.4723505,"Candi Kalasan adalah candi yang dipersembahkan untuk Dewi Tara yang dinding luarnya dilapisi semen kuno. Candi Budha tertua di Yogyakarta ini dibangun oleh Rakai Panangkaran, raja dari dinasti Syailendra yang juga mengkonsep pendirian Borobudur."
101,Watu Goyang,4.4,1282,Alam,7000.0,7000.0,-7.9274086,110.4120586,"Lantaran lokasi wisata berada di dataran tinggi tak terhalang apa pun, membuat wisatawan mudah menikmati keindahan Kota Jogja, dari atas bukit pula terlihat makam-makam para raja loh. Pemandangan alam hijau serta kegagahan gunung Merapi terlihat mempesona. Lanskap seperti itulah sangat cocok mengobati rasa penat maupun bosan setelah sobat dibuat sibuk oleh rutinitas sehari-hari."
102,Pintoe Langit Dahromo,4.4,1266,Buatan,5000.0,5000.0,-7.913608,110.437783,"Pintu Langit Dahromo ini menyediakan berbagai spot selfie yang hitz dan instagramable dengan latar belakang panorama keindahan sebagian Kota Jogja yang istimewa. Adapun berbagai spot foto tersebut seperti spot foto rumah dengan bunga-bunga disekitarnya, pintu langit, gardu pandang yang berbentuk love, dan ada juga sayap capung."
103,Wana Tirta Mangrove Forests,4.1,1212,Agrowisata,3000.0,3000.0,-7.8933459,110.0198257,"Wana Tirta Mangrove merupakan salah satu tujuan baru terfavorit wisatawan di Yogyakarta atau lebih tepatnya di Pasirmendit, Kulon Progo. Awalnya, tempat wisata ini dibangun untuk melestarikan alam, namun kemudian banyak pengunjung yang menikmati hutan mangrove ini sebagai wisatawan. Untuk spot foto, ada jembatan Siapi-api atau jembatan bambu, ayunan, gazebo dan spot lainnya yang di hiasi dengan ornamen bunga. Selain menikmati pemandangan mangrove, pengunjung dapat menikmati tur dengan perahu disekitar area mangrove dan bermain canoe, seluruhnya tersedia dengan tambahan biaya dan dilengkapi dengan perlengkapan keamanan."
104,Museum Sandi,4.7,1182,Budaya dan Sejarah,,,-7.7845549,110.3711548,"Museum Sandi adalah museum satu-satunya yang menyimpan alat-alat untuk mengirim pesan rahasia. Museum ini juga merekam segala jenis persandian di Indonesia bahkan dunia, jadi jika anda yang suka memecahkan sandi maka museum ini adalah tempat yang cocok untuk anda kunjungi. Setiba anda di loby museum sandi akan disambut hangat oleh pengelola museum sandi, orang-orangnya ramah, baik dan legowo banget. Pada masa itu museum sandi ini adalah museum yang mengoleksi segala jenis benda dan alat untuk memecahkan sandi mulai dari telegraf, buku kode sandi sampai mesin-mesin sandi yang terbuat di Indonesia maupun luar negeri."
105,Bukit Teletubbies,4.1,1173,Alam,2000.0,2000.0,-7.8181275,110.511764,"Wisata satu ini merupakan wisata yang lokasinya berada di pedesaan. Bukit satu ini tepatnya berada di Desa Sumberharjo, Prambanan, Kabupaten Sleman. Meski berada di pedesaan, Bukit Teletubbies Jogja ini juga sama dengan wisata lain yang memiliki ciri khas dan keunikan tersendiri. Pemandangan yang ditawarkan kawasan perbukitan ini cukup enak dipandang. Plus, kamu juga mendapatkan foto bagus dengan latar belakang perbukitan yang hijau. Bukit ini diberi nama Teletubbies karena adanya gardu panjang yang lokasinya berada di atas. Gardu ini kebetulan lokasinya berada di di timur rumah Domes. Rumah di dekat gardu ini bentuknya setengah bulat dan mirip rumah di serial Teletubbies. Sehingga, rumah itu disebut rumah Teletubbies"
106,Pantai Watulawang,4.6,1166,Alam,5000.0,5000.0,-8.1535837,110.6177335,"Seperti halnya pantai-pantai lain di Gunung Kidul pantai ini banyak terdapat karang dan ombak yang besar, namun yang menjadikannya unik, terdapat karang yang cukup besar dan bisa digunakan untuk memandang ke arah lautan, warga sekitar atau pengelola membuat jembatan yang terbuat dari bambu yang digunakan untuk menyeberang ke karang agar pengunjung dapat menuju ke atas karang dengan aman. Suasana pantai ini masih tergolong sepi, dan banyak terdapat karang-karang besar di bibir pantai, bisa anda gunakan untuk foto-foto dengan teman, pacar, atau keluarga. Pasir pantai termasuk luas dengan warna putih kecokelatan, khas pasir pantai selatan jogja. Bersebalahan langsung dengan goa watulawang."
107,Ngobaran Beach,4.6,1160,Alam,5000.0,5000.0,-8.1184844,110.5028785,"Nama Pantai Ngobaran yang unik ini tentu tak lepas dari cerita masalalu.Kisahnya berawal dari Kerajaan Majapahit dan Kerajaan Demak.Sekitar tahun 2003 lalu, bangunan berupa gapura dan patung-patung simbol agama Hindu dan Budha didirikan. Tujuannya untuk menghormati kedatangan keturunan Raja Brawijaya V di pantai tersebut. Tak hanya gapura, prasasti dan beberapa arca saja, tapi Anda juga akan menemukan bangunan Joglo dengan aliran Kejawen."
108,Candi Banyunibo,4.5,1151,Budaya dan Sejarah,5000.0,5000.0,-7.7779014,110.4940734,"Candi Banyunibo adalah candi Buddha yang berada tidak jauh dari Candi Ratu Boko, yaitu di bagian sebelah timur dari Kota Yogyakarta ke arah Kota Wonosari. Candi ini terdiri atas satu candi induk yang menghadap ke barat dan enam candi perwara yang berbentuk stupa disusun berderet, tiga candi perwara di sisi selatan dan tiga candi perwara di sisi timur candi induk. Lokasinya yang dikelilingi oleh persawahan menjadikan candi Banyunibo sebagai salah satu alternatif tempat wisata yang wajib dikunjungi. Karena selain udara di sekitar candi yang masih alami, pengunjung juga bisa mempelajari tentang kekayaan keyakinan manusia Indonesia di masa lampau."
109,Pantai Nglolang,4.3,1123,Pantai,10000.0,10000.0,-8.1360048,110.562855,"Pantai ini sangat indah dengan pasir putih dan ombak yang bergulung-gulung dan menghempas karang ini masih terbilang sepi. Dan mengunjungi pantai yang masih sepi ini pastinya obat yang sangat manjur untuk menghilangkan kejenuhan. Setelah sehari-hari berkutat dengan kesibukan, deburan ombak yang menggulung-gulung dan menghempas karang, dan pemandangan cakrawala jauh di depan menjadi obat penetral suasana hati yang ampuh. Apalagi pemandangan di sekitar pantai ini dipercantik dengan dua tebing yang mengapit pantai."
110,Pantai Kuwaru,4.1,1109,Pantai,10000.0,10000.0,-7.989177883,110.2265599,Pantai Kuwaru terkenal dengan wisata yang terkesan santai dan murah.
111,Puncak Suroloyo,4.4,1105,Alam,5000.0,5000.0,-7.646343961,110.1810727,"Selain cocok untuk menyaksikan keindahan matahari terbenam, Puncak Suroloyo juga terletak di ujung hamparan Pegunungan Menoreh yang membatasi Provinsi Jawa Tengah dan Daerah Istimewa Yogyakarta, tepatnya Kabupaten Kulon Progo dengan Magelang. Berada di Puncak Suroloyo seolah sedang berada di atap benteng raksasa yang berwarna hijau. Hal itu wajar karena Pegunungan Menoreh tampak memanjang bagai benteng yang membatasi Kabupaten Magelang dengan Kulon Progo. "
112,Ramadanu flower garden,4.2,1087,Agrowisata,5000.0,5000.0,-7.6478607,110.2879467,"Nama Ramadanu tediri dari dua kata, yakni Rama dan Danu. Rama digunakan karena taman ini dibuka pada bulan Ramadan, sementara Danu dari nama dusun Danurojo."
113,Goa Jomblang,4.6,1064,Alam,500000.0,500000.0,-8.027954344,110.6382663,"Goa Jomblang merupakan gua vertikal yang bertipe collapse doline. Gua ini terbentuk akibat proses geologi amblasnya tanah beserta vegetasi yang ada di atasnya ke dasar bumi yang terjadi ribuan tahun lalu. Runtuhan ini membentuk sinkhole atau sumuran yang dalam bahasa Jawa dikenal dengan istilah luweng. Saat ini Gua Jomblang merupakan tempat konservasi tumbuhan purba dan dikembangkan menjadi tempat wisata minat khusus yang mana dikelola oleh penduduk atau warga setempat. Untuk menuruni gua vertikal ini pihak pengelola sudah menyediakan perlengkapan lengkap sesuai standar keselamatan caving di gua vertikal. Sinar matahari yang menerobos masuk dari Luweng Grubug setinggi 90 meter membentuk satu tiang cahaya, menyinari flowstone yang indah serta kedalaman gua yang gelap gulita. Air yang menetes dari ketinggian turut mempercantik pemandangan. Tidak salah jika banyak orang terkagum-kagum datang ke sini ketika menyaksikan lukisan alam yang dikenal dengan istilah ""cahaya surga"". "
114,Candi Abang,4.2,1029,Budaya dan Sejarah,,,-7.8103728,110.468686,"Candi Abang memiliki bentuk seperti piramida. Dinamakan “Candi Abang” karena bangunan itu terbuat dari batu bata berwarna merah. Dari jauh candi ini tampak seperti gundukan tanah atau bukit kecil karena bagian luarnya banyak ditumbuhi rerumputan. Secara sekilas, Candi Abang tampak hanya seperti gundukan tanah di atas bukit. Bukit ini bila musim hujan akan berwarna hijau sedangkan pada musim kemarau akan terlihat gersang. Bangunan candi ini akan terlihat berwarna merah jika kondisinya benar-benar kemarau dan kering. Seperti bangunan candi pada umumnya, Candi Abang dibangun di atas bukit. Selain itu, keunikan lainnya adalah candi ini dibangun dengan batu bata merah. Hal ini berbeda dengan kebanyakan candi pada umumnya yang dibangun dengan batu andesit."
115,Gunung Ireng Srumbung,4.5,1028,Alam,3000.0,3000.0,-7.8827926,110.4896548,"Di Gunung Ireng Srumbung Teman Brisik bisa menemukan spot fajar terbaik tanpa harus mendaki gunung berhari-hari. Dari sini, kita juga disuguhkan pemandangan bak negeri di atas awan. Barisan kabut yang menyelimuti area puncak bukit membuat kita serasa berdiri di atas awan. Tempat ini sangat fotogenik dan tempat yang nyaman buat refreshing. Mulai dari spot rumah kecil, gazebo sampai gardu pandang membuat Teman Brisik dengan leluasa memotret momen matahari terbit dari berbagai spot yang telah disediakan. "
116,Pesona Pengklik Pantai Samas,4.0,987,"Alam, Pantai",10000.0,10000.0,-8.003873302,110.2703756,"Pantai Samas merupakan salah satu pantai yang berada di deretan pantai sebelah timur Pantai Parangtritis. Lokasi Pantai Samas kurang lebih 14 km arah selatan Kota Bantul atau sekitar 35 km dari pusat Kota Yogyakarta, tepatnya di Desa Srigading, Kecamatan Sanden, Kabupaten Bantul, Yogyakarta. Pantai Samas terkenal dengan deburan ombaknya yang menggulung, angin lautnya yang kencang dan sebagai tempat persinggahan penyu-penyu langka seperti penyu sisik dan penyu hijau untuk bertelur. Selain itu, kawasan Pantai Samas juga memiliki delta-delta sungai dan danau air tawar yang membentuk telaga. Akan tetapi Pantai Samas memiliki bibir pantai ang agak curam sehingga berbahaya dan tidak disarankan untuk mandi di pantai."
117,Pantai Siung,4.6,967,"Alam, Pantai",10000.0,10000.0,-8.1818233,110.6832394,"Pantai Siung berlokasi di Gunung Kidul, Yogyakarta. Pantai ini  spesial karena lanskapnya yang dikelilingi oleh tebing-tebing tinggi. Karena keunikan itulah, pemerintah Jogja meresmikan Pantai Siung sebagai lokasi panjat tebing. Selama di Pantai Siung, kamu akan melihat banyak batu karang raksasa tersebar di sebelah barat dan timur pantai. Selain menjadi ciri khas Pantai Siung, keberadaan batu karang ternyata membawa makna bagi asal-usul nama pantai ini. Sebagai rangkuman, di pantai ini kalian dapat melakukan aktivitas panjat tebing, hammocking, berkemah, dan jalan-jalan di bukit pengilon."
118,Goa Seplawan,4.5,947,Alam,8000.0,8000.0,-7.772978,110.1102509,"Goa yang berada di kawasan Pegunungan Menoreh ini merupakan goa basah, alias terdapat aliran air di dalamnya. Goa tersebut tepatnya berada di Desa Donorejo, Kecamatan Kaligesing, Kabupaten Purworejo, Jawa Tengah, berbatasan langsung dengan Kulonprogo di Yogyakarta. Goa ini memiliki panjang + 700 meter dengan cabang-cabang goa sekitar 150 – 300 meter dan berdiameter 15 meter. Sehingga untuk masuk ke dalam goa, pengunjung harus menyusuri anak tangga menurun yang cukup melalahkan. Yang mana rasa lelah itu akan segera hilang begitu mulai memasuki mulut goa. Sebab dari mulut goa itu saja keindahan ukiran batu di dalam goa sudah terlihat jelas."
119,Candi Sari,4.5,938,Budaya dan Sejarah,2000.0,2000.0,-7.7615576,110.4742751,"Candi Sari juga disebut Candi Bendah adalah candi Buddha yang berada tidak jauh dari Candi Sambi Sari, Candi Kalasan dan Candi Prambanan, yaitu di bagian sebelah timur laut dari kota Yogyakarta, dan tidak begitu jauh dari Bandara Adisucipto. Candi ini dibangun pada sekitar abad ke-8 dan ke-9 pada saat zaman Kerajaan Mataram Kuno dengan bentuk yang sangat indah. Pada bagian atas candi ini terdapat 9 buah stupa seperti yang tampak pada stupa di Candi Borobudur, dan tersusun dalam 3 deretan sejajar. Bentuk bangunan candi serta ukiran relief yang ada pada dinding candi sangat mirip dengan relief di Candi Plaosan. Beberapa ruangan bertingkat dua berada persis di bawah masing-masing stupa, dan diperkirakan dipakai untuk tempat meditasi bagi para pendeta Buddha (biksu) pada zaman dahulunya. Candi Sari pada masa lampau merupakan suatu Vihara Buddha, dan dipakai sebagai tempat belajar dan berguru bagi para biksu. Selain untuk wisata Budaya dan Sejarah, pengunjung juga dapat bersepeda. Bersepeda di candi ini tidak akan memakan banyak waktu dikarenakan candi yang berukuran kecil. Selain di sekitar candi, para pengunjung juga dapat bersepeda menyusuri candi-candi lainnya yang lokasinya berdekatan. Para pengunjung dapat bercengkarama dengan penduduk sekitar candi untuk memperkaya cerita dan budaya dengan dalam dari Candi Sari ini sendiri."
120,Desa Wisata Pentingsari,4.4,855,Desa Wisata,20000.0,20000.0,-7.6430482,110.4296004,"Desa Wisata Pentingsari terletak di lereng Gunung Merapi, sekitar 22,5 kilometer dari pusat Kota Yogyakarta. Desa ini dikenal di mancanegara sebagai salah satu desa wisata dengan segudang penghargaan. Dusun Pentingsari berbentuk seperti semenanjung dimana sebelah barat terdapat lembah yang sangat curam yaitu kali Kuning dan sebelah selatan terdapat lebah yang berupak Goa Ledok / Ponteng dan Gondoran sebelah timur terdapat lembah yang curam yaitu Kali Pawon dan sebelah utara merupakan dataran yang dapat berhubungan langsung dengan tanah di sekeliling kelurahan Umbulharjo sampai ke pelataran gunung Merapi. Dusun Pentingsari terdiri dari dua dusun yaitu Bonorejo dan Pentingsari. Ada beberapa program wisata desa, seperti live in, kemah, trekking, atau outbound yang bisa dinikmati. Untuk kegiatan wisata budaya, wisatawan bisa mengikuti kegiatan, seperti belajar gamelan, menari, membatik, membuat wayang rumput, dan membuat janur."
121,Desa Wisata Gamplong,4.4,841,Desa Wisata,5000.0,5000.0,-7.8055232,110.2374676,"Berada di Kabupaten Sleman, tepatnya 16 kilometer dari titik nol Yogyakarta. Tempat wisata yang sering dijuluki mini Hollywood ini menawarkan berbagai desain bangunan unik. Sangat cocok bagi wisatawan yang menyukai fotografi."
122,Museum Perjuangan,4.5,836,"Budaya dan Sejarah, Museum",1000.0,1000.0,-7.8164905,110.3718611,"Museum Perjuangan memiliki tempat utama yang berisi peninggalan Budaya dan Sejarah. Ruangan yang pertama di taat secara rapi di luar gedung. Disana menyajikan patung kepala pahlawan nasional, relief yang menjelaskan dan bercerita bagaimana lahirnya Boedi Utomo, masa penjajahan Jepang, dan partai Sarekat Islam. Selain itu juga membahas PD dua, Kongres Pemuda kesatu, masa pindahnya Ibukota negara ke Jogja, Peristiwa 1 Maret 1949, dan pertempuran puputan di Bali."
123,Geoforest Watu Payung Turunan,4.5,796,Alam,5000.0,5000.0,-7.972955236,110.4362646,"Nama Watu Payung merujuk kepada sebuah batu yang bentuknya mirip dengan bentuk payung. Kata Watu dalam bahasa jawa berarti Batu. Sedangkan kata Payung, yang bermakna Payung. Keberadaan batu yang menyerupai payung tersebut di kawasan hutan konsevasi, menjadikan sebuah kunjungan wisata alam yang sangat menyenangkan. Suasana yang teduh, nuansa alam, udara yang sejuk, bernilai edukatif, adalah daya tarik dari Watu Payung Turunan."
124,Pasar Kembang,4.2,793,Desa Wisata,,,-7.7899242,110.3651209,"Jalan Pasar Kembang merupakan gang kecil yang merupakan perkampungan penduduk. Banyak penduduk yang tinggal di kawasan ini. Mereka hidup dengan damai, dan tak sedikit yang banyak meraup rezeki karena kedatangan wisatawan. Penginapan banyak berdiri di tengah suasana perkampungan, dengan keramahan para penduduknya."
125,Omah Petroek,4.6,764,Buatan,,,-7.6219947,110.4153359,"Objek wisata Omah Petruk merupakan objek wisata yang cukup menarik karena mengusung tema seperti sebuah museum. Disebut sebagai omah petruk dikarenakan aka nada banyak patung menarik dan lucu di sebuah bangunan rumah yang di desain sedemikian rupa. Omah Petruk ini menjadi tempat yang sangat menyenangkan untuk dikunjungi sendiri, dengan keluarga atau berombongan. "
126,Taman Lampion (Taman Pelangi),4.3,757,"Desa Wisata, Buatan",15000.0,20000.0,-7.7503631,110.3698154,"Taman lampion atau juga sering disebut taman pelangi monjali adalah salah satu wisata saat malam hari yang bisa Anda kunjungi bersama keluarga atau teman. Selain berjalan-jalan menikmati gemerlap lampu, anda juga bisa melakukan kegiatan seru lainnya seperti dengan mengendarai becak mini, bermain bola air, bugee jumping, ATV, trampolin, perahu dayung, kereta mini dan lain-lain. Asiknya lagi, area wisata Taman Lampion, juga sering diadakan live konser musik."
127,Jogja Exotarium,4.4,746,Buatan,20000.0,20000.0,-7.728816,110.358356,"Di Mini Zoo Jogja Exotarium pengunjung dapat menyaksikan aneka satwa seperti reptil, hewan nocturnal, kelinci. Pengunjung dapat pula melakukan aktivitas seperti memancing, belajar berkuda atau memanah. Selain itu terdapat pula berbagai spot selfie, playground anak atau outbound. .Kehadiran Mini Zoo Jogja Exotarium yang dikemas sebagai taman wisata edukasi diharapkan menjadi wahana pengetahuan tentang satwa atau binatang."
128,Sumur Gumuling,4.5,718,Budaya dan Sejarah,10000.0,10000.0,-7.8087911,110.3591825,Sumur Gumuling adalah salah satu tempat untuk ibadah atau kegiatan agama pada masa lalu. Sumur Gumuling merupakan masjid pada zaman pemerintahan Sri Sultan Hamengkubuwana I dan II
129,Kali Talang,4.5,716,"Alam, Buatan",10000.0,10000.0,-7.5802065,110.4606903,"Kali Talang berada di ketinggian sekitara 1.160 meter di atas permukaan laut (MDPL). Dari Kali Kalang, puncak Merapi seakan begitu dekat dengan panorama vegetasi di kawasan Taman Nasional Gunung Merapi. Objek wisata yang berada di perbatasan Jawa Tengah (Jateng) dan DIY itu menjadi salah satu spot terbaik untuk mengabadikan puncak Merapi."
130,Kawasan Ekowisata Gunung Api Purba Nglanggeran,4.5,709,"Alam, Wisata Air",30000.0,30000.0,-7.841986,110.5415759,"Kawasan Ekosistem Gunung Purba Nglanggeran atau yang biasa disebut Gunung Nglanggeran ini merupakan kawasan yang litologinya disusun oleh material vulkanik tua, berbentuk gunung batu raksasa yang membentang sepanjang kurang lebih 800 meter dengan tinggi mencapai 300 meter. Gunung Nglanggeran dinyatakan sebagai gunung api purba dari hasil penelitian dan refrensi yang ada. Sekitar 60-70 juta tahun yang lalu Gunung tersebut merupakan gunung berapi aktif."
131,Pantai Ngetun,4.5,709,Pantai,15000.0,15000.0,-8.1703641,110.6526446,Pantai Ngetun adalah keindahan yang sempurna dari Yogyakarta khususnya Gunung Kidul. Keindahan biota lautnya memang tidak bisa dihindarkan
132,Selopamioro Adventure Park,4.5,696,"Alam, Wisata Air",30000.0,30000.0,-7.945376682,110.4266714,Kegiatan outbond di lokasi Selopamioro Adventure Park sangat memanjakan para konsumen untuk menikmati alam. Fasilitas outbond berupa permainan air dan darat dari level anak anak sampai dengan dewasa bisa menjadi rekomendasi anda dan rekan kerja selanjutnya untuk mencoba outbond di Selopamioro Adventure Park.
133,Museum Wayang Kekayon,4.2,504,Budaya dan Sejarah,20000.0,20000.0,-7.81406244,110.4131033,"Museum Wayang Kekayon ini didirikan oleh almarhum Prof. DR. dr. KPH. Soejono Prawirohadikusumo (Guru besar UGM sekaligus dokter ahli saraf jiwa) dan diresmikan oleh KGPAA Paku Alam VIII pada tahun 1991. Museum ini mengoleksi berbagai jenis wayang yang ada di Indonesia. Selain sebagai tujuan wisata seni budaya, museum ini juga memiliki fungsi pendidikan, wahana penelitian, dan rekreasi. Wayang merupakan kekayaan luhur budaya bangsa Indonesia yan Museum ini juga nyaman dan asri dengan taman parkir luas serta pendapa megah untuk perayaan pernikahan, pameran, pertemuan, sarasehan, dan lain-lain.g patut kita banggakan. Terbukti atas pengakuan UNESCO atas wayang sebagai warisan pusaka dunia."
134,Tebing Gunung Gajah,4.5,457,Alam,5000.0,5000.0,-7.776247027,110.1061368,"Letaknya di dataran tinggi, dengan view pemandangan perbukitan dan menoreh yang hijau, dan terdapat Waduk Sermo di tengahnya. Selain spot fotonya kemudian juga terdapat spot foto love lock, sky bar, dan fancy termasuk wahana outbound selain dari beberapa spot fotografi dengan tema tertentu."
135,Bukit Pengilon,4.6,439,Alam,5000.0,5000.0,-8.185458711,110.6917217,"Nama bukit Pengilon berasal dari bahasa Jawa yang berarti cermin, karena di bukit ini terdapat batu yang mirip sekali dengan cermin. Areanya menyejukkan serta sangat luas. Bahkan saking luasnya destinasi ini, banyak wisatawan yang melakukan tracking hingga camping dan mendirikan tenda di sana. Tak hanya itu, tempat satu ini juga akan memanjakan mata anda. Anda bisa mengabadikan foto dengan pemandangan indah yang berlatar belakang laut."
136,Taman Tempuran Cikal,4.4,294,"Alam, Wisata Air",10000.0,,-7.840562331,110.4494549,"Taman Tempuran Cikal terletak di kecamatan Piyungan. Di taman ini, para pengunjung bisa mencoba bermain dengan beberapa wahana yang ada sembari menikmati kesejukan alam. Taman Tempuran Cikal atau biasa disebut TTC terletak di Dusun Cikal, Desa Srimulyo, Kecamatan Piyungan, Kabupaten Bantul. Kata Tempuran ini diambil dari pertemuan antara dua sungai, yaitu sungai gawe dan sungai opak. Taman tempuran ini telah menjadi salah satu obyek wisata baru di daerah Piyungan dan telah dilengkapi dengan beberapa fasilitas seperti wahana speed boat, kapal, kano, ATV, mini trail, flying fox, outbound, taman bermain, gazebo, tempat parkir yang luas, dan toilet. Ditaman ini, pengunjung juga bisa menikmati macam-macam kuliner yang"
137,Restoe Boemi Kreo,4.5,176,Alam,,,-7.723671547,110.231514,Restoe Boemi Kreo sebuah rumah makan hasil karya NextDestinXction untuk masyarakat kreo
138,Candi Ijo,4.7,159,Budaya dan Sejarah,5000.0,,-7.783381475,110.5104366,"Candi Ijo adalah sebuah kompleks percandian bercorak Hindu, berada 4 kilometer arah tenggara dari Candi Ratu Boko atau kira-kira 18 kilometer di sebelah timur kota Yogyakarta. Candi ini diperkirakan dibangun antara kurun abad ke-10 sampai dengan ke-11 Masehi pada saat zaman Kerajaan Medang periode Mataram."
139,Museum Batik Keraton Yogyakarta,4.9,20,"Budaya dan Sejarah, Museum",20000.0,20000.0,-7.8075139,110.3645895,"Di Museum Batik Keraton Yogyakarta, wisatawan akan disuguhi sekitar 2.000-an motif asli keluarga kerajaan. Tak seperti ruangan museum lain di komplek Keraton, khusus di museum Batik pengunjung dilarang memotret. Terdapat foto-foto raja dan ratu dari generasi ke generasi lengkap dengan penjelasan filosofinya"
140,Candi ASU Klaten,4.2,5,Budaya dan Sejarah,3000.0,3000.0,-7.7423022,110.5155871,"Letaknya di Dk. Bener Ds. Bugisan Kec. Prambanan Klaten, Candi Asu yang terletak di luar komplek Taman Wisata Prambanan kurang lebih berjarak 1 km dari komplek Taman Wisata Prambanan dan berada di dekat perumahan penduduk. Bentuk candi saat ini terkesan berserakan namun telah dilindungi oleh pagar."
141,Wisata Air Wanatirta Kencana,5.0,1,Wisata AIr,10000.0,15000.0,-7.8914433,110.548354,"Wahana bermain air di Taman Wisata Air Tirta Kencana cukup lengkap, mulai dari water sled yang khusus untuk anak-anak, dan juga disediakan water sled yang dikhususkan bagi orang dewasa. Kolam renang menjadi tempat favorit para wisatawan untuk menikmati segarnya air yang juga dibagi untuk anak-anak dan juga orang dewasa."
